ID,Term1,Term2
A5A613 P76213,A5A613,P76213
P00350 P00864,P00350,P00864
P00350 P0A6A3,P00350,P0A6A3
P00350 P0A6T1,P00350,P0A6T1
P00350 P0A799,P00350,P0A799
P00350 P0A8H6,P00350,P0A8H6
P00350 P0ADF6,P00350,P0ADF6
P00350 P31658,P00350,P31658
P00350 P52697,P00350,P52697
P00350 P76586,P00350,P76586
P00350 P80644,P00350,P80644
P00363 P0A8Q0,P00363,P0A8Q0
P00363 P0A8Q3,P00363,P0A8Q3
P00363 P0A9E5,P00363,P0A9E5
P00363 P0ABK2,P00363,P0ABK2
P00363 P0AEC3,P00363,P0AEC3
P00363 P0AG24,P00363,P0AG24
P00363 P19642,P00363,P19642
P00363 P22259,P00363,P22259
P00363 P37351,P00363,P37351
P00363 P61889,P00363,P61889
P00363 P75745,P00363,P75745
P00370 P02920,P00370,P02920
P00370 P06987,P00370,P06987
P00370 P08179,P00370,P08179
P00370 P0A6K1,P00370,P0A6K1
P00370 P10371,P00370,P10371
P00370 P22259,P00370,P22259
P00370 P23843,P00370,P23843
P00370 P23847,P00370,P23847
P00370 P60664,P00370,P60664
P00393 P07658,P00393,P07658
P00393 P0A6R3,P00393,P0A6R3
P00393 P0A9A9,P00393,P0A9A9
P00393 P0A9Q7,P00393,P0A9Q7
P00393 P0ABK2,P00393,P0ABK2
P00393 P0ABW3,P00393,P0ABW3
P00393 P0AC41,P00393,P0AC41
P00393 P0AFC3,P00393,P0AFC3
P00393 P0AFC7,P00393,P0AFC7
P00393 P0AFE0,P00393,P0AFE0
P00393 P0AFE4,P00393,P0AFE4
P00393 P0AFF0,P00393,P0AFF0
P00393 P22259,P00393,P22259
P00393 P23886,P00393,P23886
P00393 P28861,P00393,P28861
P00393 P31979,P00393,P31979
P00393 P33371,P00393,P33371
P00393 P33602,P00393,P33602
P00393 P33607,P00393,P33607
P00393 P33934,P00393,P33934
P00393 P37330,P00393,P37330
P00448 P00722,P00448,P00722
P00448 P05042,P00448,P05042
P00448 P08997,P00448,P08997
P00448 P0A6C1,P00448,P0A6C1
P00448 P0A850,P00448,P0A850
P00448 P0A862,P00448,P0A862
P00448 P0A9A9,P00448,P0A9A9
P00448 P0A9E2,P00448,P0A9E2
P00448 P0A9P4,P00448,P0A9P4
P00448 P0A9Q7,P00448,P0A9Q7
P00448 P0ABT2,P00448,P0ABT2
P00448 P0ADG7,P00448,P0ADG7
P00448 P0AE08,P00448,P0AE08
P00448 P0AEE8,P00448,P0AEE8
P00448 P0AES9,P00448,P0AES9
P00448 P0AFG6,P00448,P0AFG6
P00448 P0AGD1,P00448,P0AGD1
P00448 P0AGD3,P00448,P0AGD3
P00448 P21179,P00448,P21179
P00448 P25516,P00448,P25516
P00448 P28861,P00448,P28861
P00448 P37197,P00448,P37197
P00448 P61889,P00448,P61889
P00448 Q46856,P00448,Q46856
P00448 Q59385,P00448,Q59385
P00452 P0A9I8,P00452,P0A9I8
P00452 P21499,P00452,P21499
P00452 P69924,P00452,P69924
P00490 P0A9M0,P00490,P0A9M0
P00509 P00963,P00509,P00963
P00509 P06961,P00509,P06961
P00509 P07464,P00509,P07464
P00509 P0A6Y8,P00509,P0A6Y8
P00509 P0A962,P00509,P0A962
P00509 P0A9C5,P00509,P0A9C5
P00509 P0AB80,P00509,P0AB80
P00509 P0AES0,P00509,P0AES0
P00509 P18956,P00509,P18956
P00509 P77488,P00509,P77488
P00547 P05459,P00547,P05459
P00547 P06987,P00547,P06987
P00547 P0A7B1,P00547,P0A7B1
P00547 P0AG24,P00547,P0AG24
P00547 P43337,P00547,P43337
P00550 P37662,P00550,P37662
P00550 P69786,P00550,P69786
P00561 P00895,P00561,P00895
P00561 P0A6C5,P00561,P0A6C5
P00561 P0AC84,P00561,P0AC84
P00561 P37759,P00561,P37759
P00561 P42632,P00561,P42632
P00561 P60757,P00561,P60757
P00561 P76562,P00561,P76562
P00579 P0A7Y0,P00579,P0A7Y0
P00579 P0AAZ0,P00579,P0AAZ0
P00579 P13445,P00579,P13445
P00582 P0A8I3,P00582,P0A8I3
P00582 P21499,P00582,P21499
P00634 P03023,P00634,P03023
P00634 P06961,P00634,P06961
P00634 P08400,P00634,P08400
P00634 P0A6X3,P00634,P0A6X3
P00634 P23836,P00634,P23836
P00722 P02943,P00722,P02943
P00722 P07464,P00722,P07464
P00722 P08956,P00722,P08956
P00722 P0A6T3,P00722,P0A6T3
P00722 P0A7G6,P00722,P0A7G6
P00722 P0A7S3,P00722,P0A7S3
P00722 P0A847,P00722,P0A847
P00722 P0A853,P00722,P0A853
P00722 P0A867,P00722,P0A867
P00722 P0A8S9,P00722,P0A8S9
P00722 P0A9P6,P00722,P0A9P6
P00722 P0A9Q1,P00722,P0A9Q1
P00722 P0AB71,P00722,P0AB71
P00722 P0AB83,P00722,P0AB83
P00722 P0ACP1,P00722,P0ACP1
P00722 P0AEM6,P00722,P0AEM6
P00722 P0AEX9,P00722,P0AEX9
P00722 P0AFF4,P00722,P0AFF4
P00722 P0AG24,P00722,P0AG24
P00722 P0AG30,P00722,P0AG30
P00722 P12295,P00722,P12295
P00722 P24200,P00722,P24200
P00722 P24202,P00722,P24202
P00722 P24218,P00722,P24218
P00722 P33570,P00722,P33570
P00722 P42641,P00722,P42641
P00722 P60757,P00722,P60757
P00722 P62623,P00722,P62623
P00722 P75688,P00722,P75688
P00803 P0A9M0,P00803,P0A9M0
P00804 P13738,P00804,P13738
P00805 P0A962,P00805,P0A962
P00805 P0C0V0,P00805,P0C0V0
P00805 P25553,P00805,P25553
P00811 P0A901,P00811,P0A901
P00811 P0AEL8,P00811,P0AEL8
P00811 P0AG24,P00811,P0AG24
P00811 P69937,P00811,P69937
P00861 P24200,P00861,P24200
P00864 P05704,P00864,P05704
P00864 P07003,P00864,P07003
P00864 P09323,P00864,P09323
P00864 P0A6A3,P00864,P0A6A3
P00864 P0A6T1,P00864,P0A6T1
P00864 P0A6V8,P00864,P0A6V8
P00864 P0A853,P00864,P0A853
P00864 P0A8H6,P00864,P0A8H6
P00864 P0A9M8,P00864,P0A9M8
P00864 P0AA04,P00864,P0AA04
P00864 P0AB98,P00864,P0AB98
P00864 P0ABH7,P00864,P0ABH7
P00864 P0AC44,P00864,P0AC44
P00864 P0AC47,P00864,P0AC47
P00864 P0AD61,P00864,P0AD61
P00864 P0AG30,P00864,P0AG30
P00864 P0DMC7,P00864,P0DMC7
P00864 P12758,P00864,P12758
P00864 P13445,P00864,P13445
P00864 P14407,P00864,P14407
P00864 P19642,P00864,P19642
P00864 P21599,P00864,P21599
P00864 P23524,P00864,P23524
P00864 P23874,P00864,P23874
P00864 P27550,P00864,P27550
P00864 P37330,P00864,P37330
P00864 P38135,P00864,P38135
P00864 P61889,P00864,P61889
P00864 P69783,P00864,P69783
P00864 P69786,P00864,P69786
P00864 P75960,P00864,P75960
P00864 P76586,P00864,P76586
P00887 P0A6V1,P00887,P0A6V1
P00888 P07023,P00888,P07023
P00893 P00894,P00893,P00894
P00895 P0A6A3,P00895,P0A6A3
P00895 P0A877,P00895,P0A877
P00895 P0AD92,P00895,P0AD92
P00909 P00934,P00909,P00934
P00909 P04968,P00909,P04968
P00909 P30125,P00909,P30125
P00914 P06134,P00914,P06134
P00914 P07010,P00914,P07010
P00914 P0A7G6,P00914,P0A7G6
P00914 P0A7H0,P00914,P0A7H0
P00914 P0AFH0,P00914,P0AFH0
P00914 P21189,P00914,P21189
P00914 P31060,P00914,P31060
P00914 P76362,P00914,P76362
P00926 P23847,P00926,P23847
P00926 P46068,P00926,P46068
P00926 P66899,P00926,P66899
P00926 P76316,P00926,P76316
P00934 P30125,P00934,P30125
P00935 P06987,P00935,P06987
P00935 P0A744,P00935,P0A744
P00935 P0A7D7,P00935,P0A7D7
P00935 P0AB83,P00935,P0AB83
P00935 P10371,P00935,P10371
P00935 P23843,P00935,P23843
P00935 P23847,P00935,P23847
P00935 P60664,P00935,P60664
P00936 P22259,P00936,P22259
P00944 P09099,P00944,P09099
P00944 P0A858,P00944,P0A858
P00944 P0A9T0,P00944,P0A9T0
P00944 P0ACJ8,P00944,P0ACJ8
P00944 P37387,P00944,P37387
P00944 P69739,P00944,P69739
P00944 P69786,P00944,P69786
P00944 P69811,P00944,P69811
P00954 P00957,P00954,P00957
P00954 P08312,P00954,P08312
P00954 P0A879,P00954,P0A879
P00954 P0A8T7,P00954,P0A8T7
P00954 P27305,P00954,P27305
P00956 P02413,P00956,P02413
P00956 P02925,P00956,P02925
P00956 P07118,P00956,P07118
P00956 P07395,P00956,P07395
P00956 P0A6P1,P00956,P0A6P1
P00956 P0A7J3,P00956,P0A7J3
P00956 P0A7K2,P00956,P0A7K2
P00956 P0AA10,P00956,P0AA10
P00956 P0AG55,P00956,P0AG55
P00956 P60422,P00956,P60422
P00956 P60438,P00956,P60438
P00957 P04805,P00957,P04805
P00957 P06961,P00957,P06961
P00957 P09372,P00957,P09372
P00957 P0A6X3,P00957,P0A6X3
P00957 P0A7H0,P00957,P0A7H0
P00957 P0A8I3,P00957,P0A8I3
P00957 P11875,P00957,P11875
P00957 P33012,P00957,P33012
P00957 P64483,P00957,P64483
P00959 P0AEZ1,P00959,P0AEZ1
P00959 P0AG24,P00959,P0AG24
P00959 P11875,P00959,P11875
P00959 P23882,P00959,P23882
P00960 P0A725,P00960,P0A725
P00960 P0A879,P00960,P0A879
P00960 P0ADT8,P00960,P0ADT8
P00960 P69441,P00960,P69441
P00960 P76458,P00960,P76458
P00960 P77364,P00960,P77364
P00961 P28634,P00961,P28634
P00962 P0A6P5,P00962,P0A6P5
P00962 P10346,P00962,P10346
P00963 P0A962,P00963,P0A962
P00963 P0AB80,P00963,P0AB80
P00968 P05020,P00968,P05020
P00968 P08244,P00968,P08244
P00968 P08506,P00968,P08506
P00968 P0A6R3,P00968,P0A6R3
P00968 P0A7F3,P00968,P0A7F3
P00968 P0A9G6,P00968,P0A9G6
P00968 P0AG24,P00968,P0AG24
P00968 P24182,P00968,P24182
P00968 P24228,P00968,P24228
P00968 P60546,P00968,P60546
P00968 P75746,P00968,P75746
P02338 P0A698,P02338,P0A698
P02338 P0A7H0,P02338,P0A7H0
P02338 P0A7Y8,P02338,P0A7Y8
P02338 P23840,P02338,P23840
P02338 P52140,P02338,P52140
P02338 P76362,P02338,P76362
P02358 P08200,P02358,P08200
P02358 P0A6B7,P02358,P0A6B7
P02358 P0ADZ4,P02358,P0ADZ4
P02358 P0CE48,P02358,P0CE48
P02358 P37624,P02358,P37624
P02358 P37642,P02358,P37642
P02358 P45578,P02358,P45578
P02358 P63224,P02358,P63224
P02358 P68679,P02358,P68679
P02413 P07395,P02413,P07395
P02413 P08312,P02413,P08312
P02413 P0A6H5,P02413,P0A6H5
P02413 P0A6Y8,P02413,P0A6Y8
P02413 P0A7K2,P02413,P0A7K2
P02413 P0A7K6,P02413,P0A7K6
P02413 P0A7L0,P02413,P0A7L0
P02413 P0A7L3,P02413,P0A7L3
P02413 P0A7M2,P02413,P0A7M2
P02413 P0A7N1,P02413,P0A7N1
P02413 P0A7R1,P02413,P0A7R1
P02413 P0A7R9,P02413,P0A7R9
P02413 P0A7V3,P02413,P0A7V3
P02413 P0A7V8,P02413,P0A7V8
P02413 P0A7W1,P02413,P0A7W1
P02413 P0A850,P02413,P0A850
P02413 P0A940,P02413,P0A940
P02413 P0AA10,P02413,P0AA10
P02413 P0ADY7,P02413,P0ADY7
P02413 P0AG48,P02413,P0AG48
P02413 P0AG67,P02413,P0AG67
P02413 P0C018,P02413,P0C018
P02413 P60422,P02413,P60422
P02413 P60438,P02413,P60438
P02413 P62399,P02413,P62399
P02916 P0ABN5,P02916,P0ABN5
P02916 P69786,P02916,P69786
P02918 P03014,P02918,P03014
P02918 P0AFB1,P02918,P0AFB1
P02918 P0AG82,P02918,P0AG82
P02918 P22188,P02918,P22188
P02918 P69776,P02918,P69776
P02919 P09155,P02919,P09155
P02919 P0A6P5,P02919,P0A6P5
P02919 P0A9Q9,P02919,P0A9Q9
P02919 P0AB38,P02919,P0AB38
P02919 P0AEB2,P02919,P0AEB2
P02919 P0AFB1,P02919,P0AFB1
P02919 P0AG82,P02919,P0AG82
P02919 P19934,P02919,P19934
P02919 P45955,P02919,P45955
P02920 P03023,P02920,P03023
P02920 P06971,P02920,P06971
P02920 P0A7G6,P02920,P0A7G6
P02920 P25736,P02920,P25736
P02924 P06129,P02924,P06129
P02924 P0A6E4,P02924,P0A6E4
P02924 P0AE26,P02924,P0AE26
P02924 P0AG24,P02924,P0AG24
P02924 P22259,P02924,P22259
P02924 P77499,P02924,P77499
P02925 P02943,P02925,P02943
P02925 P03841,P02925,P03841
P02925 P04983,P02925,P04983
P02925 P05704,P02925,P05704
P02925 P08839,P02925,P08839
P02925 P09373,P02925,P09373
P02925 P0A6N8,P02925,P0A6N8
P02925 P0A6P9,P02925,P0A6P9
P02925 P0ADG7,P02925,P0ADG7
P02925 P0AFH8,P02925,P0AFH8
P02925 P22259,P02925,P22259
P02925 P25553,P02925,P25553
P02925 P62707,P02925,P62707
P02925 P76014,P02925,P76014
P02929 P05825,P02929,P05825
P02929 P0A6P5,P02929,P0A6P5
P02929 P0AEL6,P02929,P0AEL6
P02929 P0AFX4,P02929,P0AFX4
P02929 P12758,P02929,P12758
P02929 P17315,P02929,P17315
P02929 P22259,P02929,P22259
P02929 P23876,P02929,P23876
P02929 P23877,P02929,P23877
P02929 P60955,P02929,P60955
P02930 P02943,P02930,P02943
P02930 P06996,P02930,P06996
P02930 P09169,P02930,P09169
P02930 P0A853,P02930,P0A853
P02930 P0A915,P02930,P0A915
P02930 P0ABS5,P02930,P0ABS5
P02930 P10384,P02930,P10384
P02931 P02943,P02931,P02943
P02931 P0A9E5,P02931,P0A9E5
P02931 P0AFH2,P02931,P0AFH2
P02931 P0C0V0,P02931,P0C0V0
P02931 P30860,P02931,P30860
P02931 P39161,P02931,P39161
P02931 P68699,P02931,P68699
P02931 P77747,P02931,P77747
P02942 P05704,P02942,P05704
P02942 P06974,P02942,P06974
P02942 P07018,P02942,P07018
P02942 P07330,P02942,P07330
P02942 P07363,P02942,P07363
P02942 P0A964,P02942,P0A964
P02942 P0A9M0,P02942,P0A9M0
P02942 P0AEC8,P02942,P0AEC8
P02943 P03841,P02943,P03841
P02943 P06988,P02943,P06988
P02943 P06996,P02943,P06996
P02943 P0A796,P02943,P0A796
P02943 P0A7H0,P02943,P0A7H0
P02943 P0A867,P02943,P0A867
P02943 P0A927,P02943,P0A927
P02943 P0A9P4,P02943,P0A9P4
P02943 P0ACA7,P02943,P0ACA7
P02943 P0ADG7,P02943,P0ADG7
P02943 P0AEE5,P02943,P0AEE5
P02943 P0AEP1,P02943,P0AEP1
P02943 P0AEX9,P02943,P0AEX9
P02943 P0AG24,P02943,P0AG24
P02943 P0AGM7,P02943,P0AGM7
P02943 P23200,P02943,P23200
P02943 P25519,P02943,P25519
P02943 P39831,P02943,P39831
P02943 P39835,P02943,P39835
P02943 P62707,P02943,P62707
P02943 P68187,P02943,P68187
P02943 P69739,P02943,P69739
P02943 P69797,P02943,P69797
P02943 P75691,P02943,P75691
P02943 P76014,P02943,P76014
P02943 P76108,P02943,P76108
P02943 P76249,P02943,P76249
P02943 Q46857,P02943,Q46857
P03004 P21499,P03004,P21499
P03014 P0A9P6,P03014,P0A9P6
P03014 P0DTT0,P03014,P0DTT0
P03014 P15254,P03014,P15254
P03014 P69931,P03014,P69931
P03018 P0AEK0,P03018,P0AEK0
P03018 P22259,P03018,P22259
P03018 P27296,P03018,P27296
P03023 P08200,P03023,P08200
P03023 P0A7G6,P03023,P0A7G6
P03023 P13445,P03023,P13445
P03023 P13738,P03023,P13738
P03024 P0A776,P03024,P0A776
P03024 P37177,P03024,P37177
P03024 P64467,P03024,P64467
P03024 P65294,P03024,P65294
P03841 P05704,P03841,P05704
P03841 P09551,P03841,P09551
P03841 P68187,P03841,P68187
P03841 P69811,P03841,P69811
P03841 P76346,P03841,P76346
P04036 P08660,P04036,P08660
P04079 P08179,P04079,P08179
P04079 P0A763,P04079,P0A763
P04079 P0A7D4,P04079,P0A7D4
P04079 P0A7E3,P04079,P0A7E3
P04079 P0A7E5,P04079,P0A7E5
P04079 P0A7E9,P04079,P0A7E9
P04079 P0AB89,P04079,P0AB89
P04079 P0ADG7,P04079,P0ADG7
P04079 P0AG16,P04079,P0AG16
P04079 P0AG18,P04079,P0AG18
P04079 P15254,P04079,P15254
P04079 P24174,P04079,P24174
P04079 P77434,P04079,P77434
P04128 P05704,P04128,P05704
P04128 P07018,P04128,P07018
P04128 P0ABY7,P04128,P0ABY7
P04128 P0AEC8,P04128,P0AEC8
P04395 P05050,P04395,P05050
P04395 P0A6P5,P04395,P0A6P5
P04425 P0A825,P04425,P0A825
P04425 P0A9D4,P04425,P0A9D4
P04425 P0ABK5,P04425,P0ABK5
P04425 P0AEP7,P04425,P0AEP7
P04425 P18956,P04425,P18956
P04425 P25437,P04425,P25437
P04693 P0AB91,P04693,P0AB91
P04693 P46854,P04693,P46854
P04693 P77690,P04693,P77690
P04805 P08312,P04805,P08312
P04949 P06974,P04949,P06974
P04949 P0A6F5,P04949,P0A6F5
P04949 P0A6P5,P04949,P0A6P5
P04949 P0A8T5,P04949,P0A8T5
P04949 P0A917,P04949,P0A917
P04949 P0ABX8,P04949,P0ABX8
P04949 P0ACL2,P04949,P0ACL2
P04949 P0AEM6,P04949,P0AEM6
P04949 P0AEM9,P04949,P0AEM9
P04949 P25798,P04949,P25798
P04949 P26608,P04949,P26608
P04949 P39161,P04949,P39161
P04949 P52612,P04949,P52612
P04949 P69506,P04949,P69506
P04949 P75937,P04949,P75937
P04949 P77747,P04949,P77747
P04951 P0A7H0,P04951,P0A7H0
P04968 P05791,P04968,P05791
P04968 P0A7B5,P04968,P0A7B5
P04968 P0A825,P04968,P0A825
P04968 P60757,P04968,P60757
P04983 P05704,P04983,P05704
P04983 P0AAG8,P04983,P0AAG8
P04993 P04994,P04993,P04994
P04993 P0A6R3,P04993,P0A6R3
P04993 P68066,P04993,P68066
P04994 P08201,P04994,P08201
P04994 P0A6R3,P04994,P0A6R3
P04994 P0ABJ1,P04994,P0ABJ1
P04994 P0AEK0,P04994,P0AEK0
P04994 P0AG24,P04994,P0AG24
P04994 P21893,P04994,P21893
P04995 P0AB83,P04995,P0AB83
P04995 P28905,P04995,P28905
P05020 P05637,P05020,P05637
P05020 P08179,P05020,P08179
P05020 P08244,P05020,P08244
P05020 P09029,P05020,P09029
P05020 P0A7E1,P05020,P0A7E1
P05020 P0A7E5,P05020,P0A7E5
P05020 P0ADG7,P05020,P0ADG7
P05020 P0AES4,P05020,P0AES4
P05020 P0AG16,P05020,P0AG16
P05020 P0AG24,P05020,P0AG24
P05020 P15254,P05020,P15254
P05020 P15639,P05020,P15639
P05041 P05637,P05041,P05637
P05041 P05707,P05041,P05707
P05041 P0AG24,P05041,P0AG24
P05041 P77348,P05041,P77348
P05042 P08200,P05042,P08200
P05042 P0A6C1,P05042,P0A6C1
P05042 P0A6P5,P05042,P0A6P5
P05042 P0A7D4,P05042,P0A7D4
P05042 P0A9P0,P05042,P0A9P0
P05042 P0AC33,P05042,P0AC33
P05042 P0ACS2,P05042,P0ACS2
P05042 P0AES6,P05042,P0AES6
P05042 P0AGD3,P05042,P0AGD3
P05042 P28861,P05042,P28861
P05042 P32687,P05042,P32687
P05042 P33599,P05042,P33599
P05042 P76387,P05042,P76387
P05050 P05824,P05050,P05824
P05050 P0A698,P05050,P0A698
P05050 P0A6P5,P05050,P0A6P5
P05050 P0A7H0,P05050,P0A7H0
P05050 P16525,P05050,P16525
P05050 P21189,P05050,P21189
P05050 P21513,P05050,P21513
P05050 P23840,P05050,P23840
P05050 P23909,P05050,P23909
P05050 P33224,P05050,P33224
P05055 P07003,P05055,P07003
P05055 P0A6F5,P05055,P0A6F5
P05055 P0A6L4,P05055,P0A6L4
P05055 P0A6M8,P05055,P0A6M8
P05055 P0A7Y8,P05055,P0A7Y8
P05055 P0A8J8,P05055,P0A8J8
P05055 P0AB89,P05055,P0AB89
P05055 P0ABF1,P05055,P0ABF1
P05055 P0ACS5,P05055,P0ACS5
P05055 P0AG18,P05055,P0AG18
P05055 P0AG24,P05055,P0AG24
P05055 P22259,P05055,P22259
P05055 P25888,P05055,P25888
P05055 P31129,P05055,P31129
P05055 P45578,P05055,P45578
P05055 P69434,P05055,P69434
P05055 P75908,P05055,P75908
P05194 P39160,P05194,P39160
P05194 P45539,P05194,P45539
P05194 P60595,P05194,P60595
P05194 P76198,P05194,P76198
P05459 P06987,P05459,P06987
P05459 P07639,P05459,P07639
P05459 P0AF48,P05459,P0AF48
P05459 P19624,P05459,P19624
P05459 P43337,P05459,P43337
P05459 P45548,P05459,P45548
P05459 P52697,P05459,P52697
P05523 P05824,P05523,P05824
P05523 P0AFZ5,P05523,P0AFZ5
P05523 P21893,P05523,P21893
P05637 P05707,P05637,P05707
P05637 P0AG24,P05637,P0AG24
P05637 P24174,P05637,P24174
P05637 P45565,P05637,P45565
P05704 P07018,P05704,P07018
P05704 P0A6F9,P05704,P0A6F9
P05704 P0A6Y8,P05704,P0A6Y8
P05704 P0A717,P05704,P0A717
P05704 P0A7A9,P05704,P0A7A9
P05704 P0A825,P05704,P0A825
P05704 P0A858,P05704,P0A858
P05704 P0A867,P05704,P0A867
P05704 P0A9M0,P05704,P0A9M0
P05704 P0A9T4,P05704,P0A9T4
P05704 P0ABJ1,P05704,P0ABJ1
P05704 P0ABK2,P05704,P0ABK2
P05704 P0AC53,P05704,P0AC53
P05704 P0ACQ0,P05704,P0ACQ0
P05704 P0AD61,P05704,P0AD61
P05704 P0AEC8,P05704,P0AEC8
P05704 P0AFX4,P05704,P0AFX4
P05704 P0AG07,P05704,P0AG07
P05704 P0AG24,P05704,P0AG24
P05704 P0AGK8,P05704,P0AGK8
P05704 P0C054,P05704,P0C054
P05704 P14407,P05704,P14407
P05704 P15639,P05704,P15639
P05704 P27302,P05704,P27302
P05704 P32669,P05704,P32669
P05704 P33570,P05704,P33570
P05704 P37351,P05704,P37351
P05704 P50466,P05704,P50466
P05704 P63284,P05704,P63284
P05704 Q93K97,P05704,Q93K97
P05706 P0AA80,P05706,P0AA80
P05707 P06986,P05707,P06986
P05719 P09169,P05719,P09169
P05791 P0AC13,P05791,P0AC13
P05793 P06988,P05793,P06988
P05793 P08142,P05793,P08142
P05793 P25665,P05793,P25665
P05804 P06992,P05804,P06992
P05804 P0A6P5,P05804,P0A6P5
P05824 P0A7G6,P05824,P0A7G6
P05824 P0A7H0,P05824,P0A7H0
P05824 P0AFZ5,P05824,P0AFZ5
P05824 P15043,P05824,P15043
P05824 P21513,P05824,P21513
P05824 P21893,P05824,P21893
P05824 P23840,P05824,P23840
P05824 P33012,P05824,P33012
P05825 P06971,P05825,P06971
P05825 P0AB10,P05825,P0AB10
P05825 P0ABU7,P05825,P0ABU7
P05825 P11454,P05825,P11454
P05825 P13039,P05825,P13039
P05825 P16525,P05825,P16525
P05825 P17315,P05825,P17315
P05825 P18393,P05825,P18393
P05825 P19925,P05825,P19925
P05825 P23878,P05825,P23878
P05825 P26266,P05825,P26266
P05825 P76116,P05825,P76116
P05852 P07649,P05852,P07649
P05852 P16456,P05852,P16456
P06129 P33363,P06129,P33363
P06134 P06722,P06134,P06722
P06134 P09030,P06134,P09030
P06134 P09184,P06134,P09184
P06134 P0A6C1,P06134,P0A6C1
P06134 P0A6P5,P06134,P0A6P5
P06134 P0A6Z3,P06134,P0A6Z3
P06134 P0A7E5,P06134,P0A7E5
P06134 P0A7G6,P06134,P0A7G6
P06134 P0A964,P06134,P0A964
P06134 P0AFH0,P06134,P0AFH0
P06134 P17888,P06134,P17888
P06134 P21189,P06134,P21189
P06134 P23840,P06134,P23840
P06134 P28634,P06134,P28634
P06134 P30850,P06134,P30850
P06134 P31060,P06134,P31060
P06134 P33224,P06134,P33224
P06134 P51020,P06134,P51020
P06134 P61889,P06134,P61889
P06134 P76299,P06134,P76299
P06149 P07023,P06149,P07023
P06149 P0AEP7,P06149,P0AEP7
P06149 P22259,P06149,P22259
P06149 P52643,P06149,P52643
P06282 P18200,P06282,P18200
P06611 P77499,P06611,P77499
P06612 P0A7H0,P06612,P0A7H0
P06612 P75960,P06612,P75960
P06710 P16525,P06710,P16525
P06710 P28630,P06710,P28630
P06710 P28631,P06710,P28631
P06715 P09169,P06715,P09169
P06715 P0A7I0,P06715,P0A7I0
P06715 P0A9A9,P06715,P0A9A9
P06715 P0A9M0,P06715,P0A9M0
P06715 P0AE70,P06715,P0AE70
P06715 P16095,P06715,P16095
P06715 P25736,P06715,P25736
P06715 P28861,P06715,P28861
P06715 P80644,P06715,P80644
P06721 P0AB83,P06721,P0AB83
P06722 P09184,P06722,P09184
P06722 P0A6F5,P06722,P0A6F5
P06722 P0A6P9,P06722,P0A6P9
P06722 P0A6Y8,P06722,P0A6Y8
P06722 P0A776,P06722,P0A776
P06722 P0A7H0,P06722,P0A7H0
P06722 P0A7Y8,P06722,P0A7Y8
P06722 P0A850,P06722,P0A850
P06722 P0A9T4,P06722,P0A9T4
P06722 P0AFH0,P06722,P0AFH0
P06722 P30850,P06722,P30850
P06722 P31060,P06722,P31060
P06722 P37177,P06722,P37177
P06722 P65294,P06722,P65294
P06722 P67127,P06722,P67127
P06722 P76362,P06722,P76362
P06722 P76482,P06722,P76482
P06959 P07023,P06959,P07023
P06959 P08200,P06959,P08200
P06959 P0A9P0,P06959,P0A9P0
P06959 P0ACL9,P06959,P0ACL9
P06959 P0AFG3,P06959,P0AFG3
P06959 P0AFG6,P06959,P0AFG6
P06959 P0AFG8,P06959,P0AFG8
P06959 P25516,P06959,P25516
P06959 P30744,P06959,P30744
P06959 P36683,P06959,P36683
P06959 P75960,P06959,P75960
P06960 P08956,P06960,P08956
P06960 P0A7G6,P06960,P0A7G6
P06960 P0AES4,P06960,P0AES4
P06960 P0AG20,P06960,P0AG20
P06960 P25736,P06960,P25736
P06961 P07464,P06961,P07464
P06961 P0A821,P06961,P0A821
P06961 P0A847,P06961,P0A847
P06961 P0A8I3,P06961,P0A8I3
P06961 P0ADE8,P06961,P0ADE8
P06961 P0ADT8,P06961,P0ADT8
P06961 P0AGI4,P06961,P0AGI4
P06961 P22259,P06961,P22259
P06961 P27302,P06961,P27302
P06968 P0A6A8,P06968,P0A6A8
P06968 P12758,P06968,P12758
P06968 P28903,P06968,P28903
P06971 P06972,P06971,P06972
P06971 P07821,P06971,P07821
P06971 P0A6T3,P06971,P0A6T3
P06971 P0A7S3,P06971,P0A7S3
P06971 P0AEE8,P06971,P0AEE8
P06971 P13036,P06971,P13036
P06971 P25736,P06971,P25736
P06971 P30130,P06971,P30130
P06971 P76115,P06971,P76115
P06971 P76116,P06971,P76116
P06972 P07821,P06972,P07821
P06972 P07822,P06972,P07822
P06972 P16869,P06972,P16869
P06974 P07017,P06974,P07017
P06974 P07330,P06974,P07330
P06974 P07363,P06974,P07363
P06974 P0A910,P06974,P0A910
P06974 P0ABB4,P06974,P0ABB4
P06974 P68699,P06974,P68699
P06974 Q47158,P06974,Q47158
P06983 P0A752,P06983,P0A752
P06983 P0A853,P06983,P0A853
P06983 P12998,P06983,P12998
P06983 P30011,P06983,P30011
P06986 P06987,P06986,P06987
P06986 P06988,P06986,P06988
P06986 P06989,P06986,P06989
P06986 P0AG24,P06986,P0AG24
P06986 P77690,P06986,P77690
P06987 P06988,P06987,P06988
P06987 P06989,P06987,P06989
P06987 P07623,P06987,P07623
P06987 P0A6C5,P06987,P0A6C5
P06987 P0A744,P06987,P0A744
P06987 P0A7D7,P06987,P0A7D7
P06987 P0A825,P06987,P0A825
P06987 P0A9J8,P06987,P0A9J8
P06987 P0AF48,P06987,P0AF48
P06987 P0AG24,P06987,P0AG24
P06987 P10371,P06987,P10371
P06987 P23843,P06987,P23843
P06987 P23847,P06987,P23847
P06987 P60664,P06987,P60664
P06987 P60757,P06987,P60757
P06987 P77690,P06987,P77690
P06988 P06989,P06988,P06989
P06988 P08178,P06988,P08178
P06988 P09147,P06988,P09147
P06988 P0ADG7,P06988,P0ADG7
P06988 P0C8J6,P06988,P0C8J6
P06988 P25553,P06988,P25553
P06988 P39831,P06988,P39831
P06988 P62707,P06988,P62707
P06988 P69797,P06988,P69797
P06988 P75691,P06988,P75691
P06988 P76014,P06988,P76014
P06988 P76015,P06988,P76015
P06988 Q46857,P06988,Q46857
P06989 P08178,P06989,P08178
P06989 P0AG24,P06989,P0AG24
P06992 P0ABY7,P06992,P0ABY7
P06992 P13445,P06992,P13445
P06992 P28634,P06992,P28634
P06992 P60340,P06992,P60340
P06993 P08201,P06993,P08201
P06993 P0A6R3,P06993,P0A6R3
P06993 P0ABJ1,P06993,P0ABJ1
P06993 P0AG24,P06993,P0AG24
P06993 P16528,P06993,P16528
P06993 P77754,P06993,P77754
P06996 P09169,P06996,P09169
P06996 P0A6F5,P06996,P0A6F5
P06996 P0AA16,P06996,P0AA16
P06996 P0AEC5,P06996,P0AEC5
P06996 P0AEH1,P06996,P0AEH1
P06996 P0AEJ4,P06996,P0AEJ4
P06996 P10384,P06996,P10384
P06996 P21420,P06996,P21420
P06996 P23843,P06996,P23843
P06996 P25798,P06996,P25798
P06996 P62517,P06996,P62517
P06996 P77747,P06996,P77747
P06999 P07003,P06999,P07003
P06999 P0A991,P06999,P0A991
P06999 P13445,P06999,P13445
P06999 P21179,P06999,P21179
P06999 P25516,P06999,P25516
P06999 P27550,P06999,P27550
P06999 P32705,P06999,P32705
P07001 P0A8V2,P07001,P0A8V2
P07001 P0A9P0,P07001,P0A9P0
P07001 P0ABB0,P07001,P0ABB0
P07001 P0AE08,P07001,P0AE08
P07001 P22259,P07001,P22259
P07001 P24186,P07001,P24186
P07001 P35340,P07001,P35340
P07003 P07023,P07003,P07023
P07003 P08997,P07003,P08997
P07003 P0A6A6,P07003,P0A6A6
P07003 P0A9G6,P07003,P0A9G6
P07003 P0AB83,P07003,P0AB83
P07003 P0AD61,P07003,P0AD61
P07003 P0AF54,P07003,P0AF54
P07003 P13445,P07003,P13445
P07003 P21599,P07003,P21599
P07003 P22259,P07003,P22259
P07003 P23886,P07003,P23886
P07003 P27550,P07003,P27550
P07003 P36683,P07003,P36683
P07003 P39280,P07003,P39280
P07003 P42632,P07003,P42632
P07003 P50466,P07003,P50466
P07003 P52643,P07003,P52643
P07003 P69506,P07003,P69506
P07003 P75823,P07003,P75823
P07003 P77754,P07003,P77754
P07004 P77690,P07004,P77690
P07010 P0A6P5,P07010,P0A6P5
P07012 P0A6M8,P07012,P0A6M8
P07012 P0A7I4,P07012,P0A7I4
P07012 P0A821,P07012,P0A821
P07012 P0A8V2,P07012,P0A8V2
P07012 P0AD89,P07012,P0AD89
P07012 P0AG18,P07012,P0AG18
P07012 P14081,P07012,P14081
P07012 P16456,P07012,P16456
P07012 P23882,P07012,P23882
P07012 P77585,P07012,P77585
P07014 P0A6P9,P07014,P0A6P9
P07014 P0AC44,P07014,P0AC44
P07014 P0AD61,P07014,P0AD61
P07014 P0AER0,P07014,P0AER0
P07014 P10408,P07014,P10408
P07014 P17854,P07014,P17854
P07014 P36683,P07014,P36683
P07014 P63020,P07014,P63020
P07017 P07018,P07017,P07018
P07017 P07102,P07017,P07102
P07017 P07330,P07017,P07330
P07017 P07363,P07017,P07363
P07017 P0A6A3,P07017,P0A6A3
P07017 P0A964,P07017,P0A964
P07017 P0A9A9,P07017,P0A9A9
P07017 P0A9P4,P07017,P0A9P4
P07017 P0A9Q7,P07017,P0A9Q7
P07017 P0AE08,P07017,P0AE08
P07017 P0AE82,P07017,P0AE82
P07017 P0AET2,P07017,P0AET2
P07017 P0AG24,P07017,P0AG24
P07017 P13029,P07017,P13029
P07017 P30847,P07017,P30847
P07017 P38135,P07017,P38135
P07017 P50466,P07017,P50466
P07017 P68191,P07017,P68191
P07017 P68688,P07017,P68688
P07017 P69228,P07017,P69228
P07017 P69811,P07017,P69811
P07018 P07330,P07018,P07330
P07018 P0A6Y8,P07018,P0A6Y8
P07018 P0A6Z3,P07018,P0A6Z3
P07018 P0A9M0,P07018,P0A9M0
P07018 P0ABY7,P07018,P0ABY7
P07018 P0AEC8,P07018,P0AEC8
P07018 P45548,P07018,P45548
P07018 P63284,P07018,P63284
P07023 P0A799,P07023,P0A799
P07023 P0A9D8,P07023,P0A9D8
P07023 P0A9M8,P07023,P0A9M8
P07023 P0A9P0,P07023,P0A9P0
P07023 P0AC53,P07023,P0AC53
P07023 P0ACJ8,P07023,P0ACJ8
P07023 P0AFG6,P07023,P0AFG6
P07023 P0AFG8,P07023,P0AFG8
P07023 P0AG07,P07023,P0AG07
P07023 P0AG24,P07023,P0AG24
P07023 P22259,P07023,P22259
P07023 P26616,P07023,P26616
P07023 P39362,P07023,P39362
P07023 P42632,P07023,P42632
P07023 P45565,P07023,P45565
P07023 P56976,P07023,P56976
P07023 P75960,P07023,P75960
P07023 P80644,P07023,P80644
P07024 P12758,P07024,P12758
P07026 P0A6V1,P07026,P0A6V1
P07026 P15078,P07026,P15078
P07026 P27245,P07026,P27245
P07026 P31129,P07026,P31129
P07102 P22259,P07102,P22259
P07117 P09551,P07117,P09551
P07117 P0AB24,P07117,P0AB24
P07117 P0ABN1,P07117,P0ABN1
P07117 P31133,P07117,P31133
P07118 P0A8M3,P07118,P0A8M3
P07330 P07363,P07330,P07363
P07330 P0ABZ1,P07330,P0ABZ1
P07363 P0A964,P07363,P0A964
P07363 P0AE67,P07363,P0AE67
P07363 P0AEC5,P07363,P0AEC5
P07363 P39453,P07363,P39453
P07363 P69228,P07363,P69228
P07364 P52612,P07364,P52612
P07395 P08192,P07395,P08192
P07395 P08312,P07395,P08312
P07395 P0A6H5,P07395,P0A6H5
P07395 P0A6P1,P07395,P0A6P1
P07395 P0A7J3,P07395,P0A7J3
P07395 P0A7J7,P07395,P0A7J7
P07395 P0A7K2,P07395,P0A7K2
P07395 P0A7L3,P07395,P0A7L3
P07395 P0A7L8,P07395,P0A7L8
P07395 P0A7R1,P07395,P0A7R1
P07395 P0A940,P07395,P0A940
P07395 P0AA10,P07395,P0AA10
P07395 P0AG48,P07395,P0AG48
P07395 P0AG55,P07395,P0AG55
P07395 P0AG96,P07395,P0AG96
P07395 P60438,P07395,P60438
P07395 P61175,P07395,P61175
P07395 P62066,P07395,P62066
P07395 P62399,P07395,P62399
P07464 P0A847,P07464,P0A847
P07464 P18956,P07464,P18956
P07623 P0A825,P07623,P0A825
P07623 P17854,P07623,P17854
P07623 P38038,P07623,P38038
P07639 P0A6D7,P07639,P0A6D7
P07639 P0AF48,P07639,P0AF48
P07639 P12008,P07639,P12008
P07639 P45548,P07639,P45548
P07648 P08394,P07648,P08394
P07648 P0A698,P07648,P0A698
P07650 P0A6K6,P07650,P0A6K6
P07650 P0ABP8,P07650,P0ABP8
P07650 P0ACK5,P07650,P0ACK5
P07658 P19323,P07658,P19323
P07658 P33934,P07658,P33934
P07762 P0A853,P07762,P0A853
P07762 P0A9T0,P07762,P0A9T0
P07762 P22259,P07762,P22259
P07813 P0A8M3,P07813,P0A8M3
P07813 P11875,P07813,P11875
P07813 P23882,P07813,P23882
P07821 P07822,P07821,P07822
P07821 P16869,P07821,P16869
P07822 P16869,P07822,P16869
P07913 P0AAV4,P07913,P0AAV4
P08142 P0ADF8,P08142,P0ADF8
P08178 P09029,P08178,P09029
P08178 P0A763,P08178,P0A763
P08178 P0A7D4,P08178,P0A7D4
P08178 P0A7E1,P08178,P0A7E1
P08178 P0A7E3,P08178,P0A7E3
P08178 P0A7E5,P08178,P0A7E5
P08178 P0AB89,P08178,P0AB89
P08178 P0ADG7,P08178,P0ADG7
P08178 P0AG24,P08178,P0AG24
P08178 P23882,P08178,P23882
P08178 P42588,P08178,P42588
P08179 P09831,P08179,P09831
P08179 P09832,P08179,P09832
P08179 P0A763,P08179,P0A763
P08179 P0A7E3,P08179,P0A7E3
P08179 P0A7E5,P08179,P0A7E5
P08179 P0ADG7,P08179,P0ADG7
P08179 P0AG18,P08179,P0AG18
P08179 P0AG24,P08179,P0AG24
P08179 P15254,P08179,P15254
P08179 P22259,P08179,P22259
P08179 P23882,P08179,P23882
P08179 P33221,P08179,P33221
P08189 P08191,P08189,P08191
P08191 P0A910,P08191,P0A910
P08192 P0A725,P08192,P0A725
P08192 P0A9M8,P08192,P0A9M8
P08192 P62066,P08192,P62066
P08200 P0A6F5,P08200,P0A6F5
P08200 P0A6T1,P08200,P0A6T1
P08200 P0A799,P08200,P0A799
P08200 P0A821,P08200,P0A821
P08200 P0ABH7,P08200,P0ABH7
P08200 P0AFG8,P08200,P0AFG8
P08200 P0AFL3,P08200,P0AFL3
P08200 P0AGE9,P08200,P0AGE9
P08200 P0C0L2,P08200,P0C0L2
P08200 P13029,P08200,P13029
P08200 P22259,P08200,P22259
P08200 P25516,P08200,P25516
P08200 P31142,P08200,P31142
P08200 P60422,P08200,P60422
P08200 P69441,P08200,P69441
P08200 P80644,P08200,P80644
P08201 P09372,P08201,P09372
P08201 P09831,P08201,P09831
P08201 P09832,P08201,P09832
P08201 P0A6M8,P08201,P0A6M8
P08201 P0AA39,P08201,P0AA39
P08201 P0AC55,P08201,P0AC55
P08201 P0AEZ1,P08201,P0AEZ1
P08201 P0AG30,P08201,P0AG30
P08201 P0AGE0,P08201,P0AGE0
P08201 P10408,P08201,P10408
P08201 P16431,P08201,P16431
P08201 P22259,P08201,P22259
P08201 P30850,P08201,P30850
P08201 P69924,P08201,P69924
P08204 P75960,P08204,P75960
P08244 P0A6I0,P08244,P0A6I0
P08244 P0A705,P08244,P0A705
P08244 P0A786,P08244,P0A786
P08244 P0A7E9,P08244,P0A7E9
P08244 P0A800,P08244,P0A800
P08244 P0ADE8,P08244,P0ADE8
P08244 P0ADG7,P08244,P0ADG7
P08244 P0AG16,P08244,P0AG16
P08244 P60546,P08244,P60546
P08244 P69441,P08244,P69441
P08312 P0A6H5,P08312,P0A6H5
P08312 P0A7L0,P08312,P0A7L0
P08312 P0A8M3,P08312,P0A8M3
P08312 P0A940,P08312,P0A940
P08312 P0AD74,P08312,P0AD74
P08312 P0AG48,P08312,P0AG48
P08312 P0AG55,P08312,P0AG55
P08312 P11875,P08312,P11875
P08312 P60422,P08312,P60422
P08312 P60438,P08312,P60438
P08312 P61175,P08312,P61175
P08312 P62399,P08312,P62399
P08331 P0ABA4,P08331,P0ABA4
P08337 P0A698,P08337,P0A698
P08337 P0A7C2,P08337,P0A7C2
P08337 P0AG11,P08337,P0AG11
P08337 P27302,P08337,P27302
P08368 P08401,P08368,P08401
P08368 P0AEM9,P08368,P0AEM9
P08368 P24188,P08368,P24188
P08373 P0A855,P08373,P0A855
P08373 P0AAX8,P08373,P0AAX8
P08373 P0AG24,P08373,P0AG24
P08373 P0C0T5,P08373,P0C0T5
P08373 P11880,P08373,P11880
P08373 P12758,P08373,P12758
P08400 P0AFJ5,P08400,P0AFJ5
P08400 P23836,P08400,P23836
P08401 P30847,P08401,P30847
P08401 P69228,P08401,P69228
P08401 P77485,P08401,P77485
P08506 P0A6J1,P08506,P0A6J1
P08506 P0A6V1,P08506,P0A6V1
P08506 P69913,P08506,P69913
P08622 P0A6F9,P08622,P0A6F9
P08622 P0A6G7,P08622,P0A6G7
P08622 P0A6L9,P08622,P0A6L9
P08622 P0A6Z1,P08622,P0A6Z1
P08622 P0A6Z3,P08622,P0A6Z3
P08622 P0A7G6,P08622,P0A7G6
P08622 P0A850,P08622,P0A850
P08622 P0A9L5,P08622,P0A9L5
P08622 P0A9M0,P08622,P0A9M0
P08622 P0AC78,P08622,P0AC78
P08622 P0ADY1,P08622,P0ADY1
P08622 P0C054,P08622,P0C054
P08622 P22259,P08622,P22259
P08622 P27298,P08622,P27298
P08622 P31658,P08622,P31658
P08622 P31680,P08622,P31680
P08622 P45523,P08622,P45523
P08622 P63284,P08622,P63284
P08622 P77319,P08622,P77319
P08839 P0A6P1,P08839,P0A6P1
P08839 P0A6P9,P08839,P0A6P9
P08839 P0A7A9,P08839,P0A7A9
P08839 P0A8V2,P08839,P0A8V2
P08839 P0A9E5,P08839,P0A9E5
P08839 P0AA04,P08839,P0AA04
P08839 P0ACJ8,P08839,P0ACJ8
P08839 P39301,P08839,P39301
P08839 P69783,P08839,P69783
P08956 P0A7G6,P08956,P0A7G6
P08956 P0AG20,P08956,P0AG20
P08956 P25736,P08956,P25736
P08997 P0A6P5,P08997,P0A6P5
P08997 P0A6W9,P08997,P0A6W9
P08997 P0A7C8,P08997,P0A7C8
P08997 P0A8Q0,P08997,P0A8Q0
P08997 P0A9G6,P08997,P0A9G6
P08997 P0A9M8,P08997,P0A9M8
P08997 P0ABH7,P08997,P0ABH7
P08997 P0AG20,P08997,P0AG20
P08997 P0AG24,P08997,P0AG24
P08997 P0AGE9,P08997,P0AGE9
P08997 P13445,P08997,P13445
P08997 P22259,P08997,P22259
P08997 P27550,P08997,P27550
P08997 P32705,P08997,P32705
P08997 P37330,P08997,P37330
P08997 P61889,P08997,P61889
P09029 P09394,P09029,P09394
P09029 P0A705,P09029,P0A705
P09029 P0A763,P09029,P0A763
P09029 P0A7D4,P09029,P0A7D4
P09029 P0AG18,P09029,P0AG18
P09029 P21513,P09029,P21513
P09030 P09184,P09030,P09184
P09030 P23909,P09030,P23909
P09147 P09148,P09147,P09148
P09147 P0A6P9,P09147,P0A6P9
P09147 P0ADG7,P09147,P0ADG7
P09147 P25748,P09147,P25748
P09148 P0A6T3,P09148,P0A6T3
P09148 P0AEP1,P09148,P0AEP1
P09148 P25736,P09148,P25736
P09148 P25748,P09148,P25748
P09151 P0A6A3,P09151,P0A6A3
P09151 P0A6C5,P09151,P0A6C5
P09151 P18392,P09151,P18392
P09151 P22259,P09151,P22259
P09152 P11349,P09152,P11349
P09163 P37664,P09163,P37664
P09169 P0A6T3,P09169,P0A6T3
P09169 P0A7G6,P09169,P0A7G6
P09169 P0A7S3,P09169,P0A7S3
P09169 P0A910,P09169,P0A910
P09169 P0A917,P09169,P0A917
P09169 P0A927,P09169,P0A927
P09169 P0A9P4,P09169,P0A9P4
P09169 P0AEP3,P09169,P0AEP3
P09169 P10121,P09169,P10121
P09169 P10384,P09169,P10384
P09169 P19642,P09169,P19642
P09169 P23878,P09169,P23878
P09169 P24200,P09169,P24200
P09169 P24202,P09169,P24202
P09169 P25798,P09169,P25798
P09169 P56976,P09169,P56976
P09169 P77747,P09169,P77747
P09184 P0A6C1,P09184,P0A6C1
P09184 P0AG11,P09184,P0AG11
P09323 P0AEM9,P09323,P0AEM9
P09323 P0AEX9,P09323,P0AEX9
P09323 P19642,P09323,P19642
P09323 P22259,P09323,P22259
P09323 P33360,P09323,P33360
P09348 P13029,P09348,P13029
P09372 P0A6F9,P09372,P0A6F9
P09372 P0A6K3,P09372,P0A6K3
P09372 P0A6L9,P09372,P0A6L9
P09372 P0A6Y8,P09372,P0A6Y8
P09372 P0A6Z1,P09372,P0A6Z1
P09372 P0A6Z3,P09372,P0A6Z3
P09372 P0A8F0,P09372,P0A8F0
P09372 P0A910,P09372,P0A910
P09372 P0ABD3,P09372,P0ABD3
P09372 P10408,P09372,P10408
P09372 P23869,P09372,P23869
P09372 P23909,P09372,P23909
P09372 P31680,P09372,P31680
P09372 P45523,P09372,P45523
P09372 P63284,P09372,P63284
P09373 P0A6A3,P09373,P0A6A3
P09373 P0A796,P09373,P0A796
P09373 P0A9Q7,P09373,P0A9Q7
P09373 P0AE08,P09373,P0AE08
P09373 P22259,P09373,P22259
P09373 P25553,P09373,P25553
P09373 P76014,P09373,P76014
P09394 P0ABY7,P09394,P0ABY7
P09394 P13033,P09394,P13033
P09394 P13035,P09394,P13035
P09394 P60782,P09394,P60782
P09424 P0A9T4,P09424,P0A9T4
P09557 P0AFZ5,P09557,P0AFZ5
P09557 P18196,P09557,P18196
P09557 P37642,P09557,P37642
P09831 P09832,P09831,P09832
P09831 P0A6K1,P09831,P0A6K1
P09831 P0A9C5,P09831,P0A9C5
P09831 P0A9I8,P09831,P0A9I8
P09831 P0AC55,P09831,P0AC55
P09831 P22106,P09831,P22106
P09831 P77690,P09831,P77690
P09832 P0A9I8,P09832,P0A9I8
P09832 P33221,P09832,P33221
P09832 P77690,P09832,P77690
P09980 P0A6M4,P09980,P0A6M4
P09980 P0A9Q7,P09980,P0A9Q7
P09980 P0ABG1,P09980,P0ABG1
P09980 P0ACE7,P09980,P0ACE7
P09980 P0AG24,P09980,P0AG24
P09980 P22259,P09980,P22259
P09980 P27253,P09980,P27253
P09980 P31660,P09980,P31660
P0A698 P0A7H0,P0A698,P0A7H0
P0A698 P0A7Y8,P0A698,P0A7Y8
P0A698 P0AFH0,P0A698,P0AFH0
P0A698 P0AG11,P0A698,P0AG11
P0A698 P21189,P0A698,P21189
P0A698 P23840,P0A698,P23840
P0A698 P23909,P0A698,P23909
P0A698 P30850,P0A698,P30850
P0A698 P30958,P0A698,P30958
P0A698 P52140,P0A698,P52140
P0A6A0 P0A6J5,P0A6A0,P0A6J5
P0A6A0 P10121,P0A6A0,P10121
P0A6A3 P0A6A6,P0A6A3,P0A6A6
P0A6A3 P0A6A8,P0A6A3,P0A6A8
P0A6A3 P0A6C5,P0A6A3,P0A6C5
P0A6A3 P0A6F3,P0A6A3,P0A6F3
P0A6A3 P0A6P9,P0A6A3,P0A6P9
P0A6A3 P0A738,P0A6A3,P0A738
P0A6A3 P0A763,P0A6A3,P0A763
P0A6A3 P0A9J6,P0A6A3,P0A9J6
P0A6A3 P0A9Q7,P0A6A3,P0A9Q7
P0A6A3 P0AB83,P0A6A3,P0AB83
P0A6A3 P0AE85,P0A6A3,P0AE85
P0A6A3 P0AF54,P0A6A3,P0AF54
P0A6A3 P0AGA2,P0A6A3,P0AGA2
P0A6A3 P13458,P0A6A3,P13458
P0A6A3 P21156,P0A6A3,P21156
P0A6A3 P23886,P0A6A3,P23886
P0A6A3 P27550,P0A6A3,P27550
P0A6A3 P31658,P0A6A3,P31658
P0A6A3 P42632,P0A6A3,P42632
P0A6A3 P52643,P0A6A3,P52643
P0A6A3 P60757,P0A6A3,P60757
P0A6A3 P75691,P0A6A3,P75691
P0A6A6 P0ABH7,P0A6A6,P0ABH7
P0A6A6 P30126,P0A6A6,P30126
P0A6A8 P0A6K3,P0A6A8,P0A6K3
P0A6A8 P0A7H0,P0A6A8,P0A7H0
P0A6A8 P0A9M8,P0A6A8,P0A9M8
P0A6A8 P0A9P6,P0A6A8,P0A9P6
P0A6A8 P0ABI8,P0A6A8,P0ABI8
P0A6A8 P0AG20,P0A6A8,P0AG20
P0A6A8 P21645,P0A6A8,P21645
P0A6A8 P42619,P0A6A8,P42619
P0A6A8 P64517,P0A6A8,P64517
P0A6A8 P76506,P0A6A8,P76506
P0A6A8 P80644,P0A6A8,P80644
P0A6B4 P50466,P0A6B4,P50466
P0A6C1 P0AC53,P0A6C1,P0AC53
P0A6C1 P28861,P0A6C1,P28861
P0A6C5 P23908,P0A6C5,P23908
P0A6C5 P24200,P0A6C5,P24200
P0A6C8 P0AC38,P0A6C8,P0AC38
P0A6D0 P0A6E4,P0A6D0,P0A6E4
P0A6D0 P0A9E5,P0A6D0,P0A9E5
P0A6D5 P76198,P0A6D5,P76198
P0A6E4 P0A6L4,P0A6E4,P0A6L4
P0A6E4 P23847,P0A6E4,P23847
P0A6E6 P0AB98,P0A6E6,P0AB98
P0A6E9 P22259,P0A6E9,P22259
P0A6F1 P0A6M4,P0A6F1,P0A6M4
P0A6F1 P0A7E1,P0A6F1,P0A7E1
P0A6F1 P0AED7,P0A6F1,P0AED7
P0A6F1 P0AG24,P0A6F1,P0AG24
P0A6F1 P60546,P0A6F1,P60546
P0A6F3 P0A7B1,P0A6F3,P0A7B1
P0A6F3 P0A853,P0A6F3,P0A853
P0A6F3 P0A867,P0A6F3,P0A867
P0A6F3 P0A9J6,P0A6F3,P0A9J6
P0A6F3 P0ACJ8,P0A6F3,P0ACJ8
P0A6F3 P0ACP1,P0A6F3,P0ACP1
P0A6F3 P0ADG7,P0A6F3,P0ADG7
P0A6F3 P0ADS6,P0A6F3,P0ADS6
P0A6F3 P0AE70,P0A6F3,P0AE70
P0A6F3 P22259,P0A6F3,P22259
P0A6F3 P25437,P0A6F3,P25437
P0A6F3 P75809,P0A6F3,P75809
P0A6F3 P76014,P0A6F3,P76014
P0A6F3 P76586,P0A6F3,P76586
P0A6F5 P0A6M8,P0A6F5,P0A6M8
P0A6F5 P0A6N4,P0A6F5,P0A6N4
P0A6F5 P0A6T1,P0A6F5,P0A6T1
P0A6F5 P0A6Z3,P0A6F5,P0A6Z3
P0A6F5 P0A7H0,P0A6F5,P0A7H0
P0A6F5 P0A7S3,P0A6F5,P0A7S3
P0A6F5 P0A862,P0A6F5,P0A862
P0A6F5 P0A8I3,P0A6F5,P0A8I3
P0A6F5 P0A910,P0A6F5,P0A910
P0A6F5 P0A912,P0A6F5,P0A912
P0A6F5 P0A9G6,P0A6F5,P0A9G6
P0A6F5 P0A9L8,P0A6F5,P0A9L8
P0A6F5 P0A9M0,P0A6F5,P0A9M0
P0A6F5 P0AA25,P0A6F5,P0AA25
P0A6F5 P0AB83,P0A6F5,P0AB83
P0A6F5 P0ACU0,P0A6F5,P0ACU0
P0A6F5 P0AFS3,P0A6F5,P0AFS3
P0A6F5 P0AFX0,P0A6F5,P0AFX0
P0A6F5 P0AG18,P0A6F5,P0AG18
P0A6F5 P0AG24,P0A6F5,P0AG24
P0A6F5 P0AGB3,P0A6F5,P0AGB3
P0A6F5 P0AGE0,P0A6F5,P0AGE0
P0A6F5 P0C054,P0A6F5,P0C054
P0A6F5 P10408,P0A6F5,P10408
P0A6F5 P21513,P0A6F5,P21513
P0A6F5 P25553,P0A6F5,P25553
P0A6F5 P31678,P0A6F5,P31678
P0A6F5 P63284,P0A6F5,P63284
P0A6F5 P77395,P0A6F5,P77395
P0A6F5 Q47005,P0A6F5,Q47005
P0A6F9 P0A6Y8,P0A6F9,P0A6Y8
P0A6F9 P0A6Z3,P0A6F9,P0A6Z3
P0A6F9 P0A850,P0A6F9,P0A850
P0A6F9 P0A9M0,P0A6F9,P0A9M0
P0A6F9 P0AEC8,P0A6F9,P0AEC8
P0A6F9 P0AGD3,P0A6F9,P0AGD3
P0A6F9 P0C054,P0A6F9,P0C054
P0A6F9 P27298,P0A6F9,P27298
P0A6F9 P28861,P0A6F9,P28861
P0A6F9 P63284,P0A6F9,P63284
P0A6F9 P68699,P0A6F9,P68699
P0A6G7 P0A6Y8,P0A6G7,P0A6Y8
P0A6G7 P0A6Z3,P0A6G7,P0A6Z3
P0A6G7 P0A7B8,P0A6G7,P0A7B8
P0A6G7 P0A9M0,P0A6G7,P0A9M0
P0A6G7 P0ABH9,P0A6G7,P0ABH9
P0A6G7 P0AE72,P0A6G7,P0AE72
P0A6G7 P0C054,P0A6G7,P0C054
P0A6G7 P22259,P0A6G7,P22259
P0A6G7 P31466,P0A6G7,P31466
P0A6G7 Q46908,P0A6G7,Q46908
P0A6H1 P0A7B8,P0A6H1,P0A7B8
P0A6H1 P0A850,P0A6H1,P0A850
P0A6H1 P0A8I3,P0A6H1,P0A8I3
P0A6H1 P0A9M0,P0A6H1,P0A9M0
P0A6H1 P0ABH9,P0A6H1,P0ABH9
P0A6H1 P0AFS3,P0A6H1,P0AFS3
P0A6H1 P22259,P0A6H1,P22259
P0A6H1 P31466,P0A6H1,P31466
P0A6H1 P31680,P0A6H1,P31680
P0A6H1 P36659,P0A6H1,P36659
P0A6H5 P0A6P1,P0A6H5,P0A6P1
P0A6H5 P0A6Z1,P0A6H5,P0A6Z1
P0A6H5 P0A7B8,P0A6H5,P0A7B8
P0A6H5 P0A7J3,P0A6H5,P0A7J3
P0A6H5 P0A7K2,P0A6H5,P0A7K2
P0A6H5 P0A7L0,P0A6H5,P0A7L0
P0A6H5 P0A7L8,P0A6H5,P0A7L8
P0A6H5 P0A7R1,P0A6H5,P0A7R1
P0A6H5 P0A940,P0A6H5,P0A940
P0A6H5 P0AA10,P0A6H5,P0AA10
P0A6H5 P0ABC3,P0A6H5,P0ABC3
P0A6H5 P0ABJ1,P0A6H5,P0ABJ1
P0A6H5 P0AG24,P0A6H5,P0AG24
P0A6H5 P0AG48,P0A6H5,P0AG48
P0A6H5 P0AG55,P0A6H5,P0AG55
P0A6H5 P22259,P0A6H5,P22259
P0A6H5 P31680,P0A6H5,P31680
P0A6H5 P36659,P0A6H5,P36659
P0A6H5 P60422,P0A6H5,P60422
P0A6H5 P60438,P0A6H5,P60438
P0A6H5 P62399,P0A6H5,P62399
P0A6H5 P63284,P0A6H5,P63284
P0A6H8 P18200,P0A6H8,P18200
P0A6I0 P0A7E3,P0A6I0,P0A7E3
P0A6I0 P0ADG7,P0A6I0,P0ADG7
P0A6I0 P16525,P0A6I0,P16525
P0A6I3 P0A867,P0A6I3,P0A867
P0A6I3 P0AEC3,P0A6I3,P0AEC3
P0A6I6 P22259,P0A6I6,P22259
P0A6J1 P18392,P0A6J1,P18392
P0A6J1 P23845,P0A6J1,P23845
P0A6J5 P0A9I8,P0A6J5,P0A9I8
P0A6J5 P18196,P0A6J5,P18196
P0A6J5 P76594,P0A6J5,P76594
P0A6K1 P22106,P0A6K1,P22106
P0A6K3 P0A6N4,P0A6K3,P0A6N4
P0A6K3 P0A9Q7,P0A6K3,P0A9Q7
P0A6K3 P0AC30,P0A6K3,P0AC30
P0A6K3 P0AEN1,P0A6K3,P0AEN1
P0A6K3 P0AF12,P0A6K3,P0AF12
P0A6K3 P22259,P0A6K3,P22259
P0A6K3 P31142,P0A6K3,P31142
P0A6K3 P69451,P0A6K3,P69451
P0A6K3 P80644,P0A6K3,P80644
P0A6K6 P0A6L0,P0A6K6,P0A6L0
P0A6K6 P0A884,P0A6K6,P0A884
P0A6K6 P0ABP8,P0A6K6,P0ABP8
P0A6K6 P0AFS3,P0A6K6,P0AFS3
P0A6K6 P36938,P0A6K6,P36938
P0A6L0 P0A9K9,P0A6L0,P0A9K9
P0A6L0 P0ABP8,P0A6L0,P0ABP8
P0A6L0 P0ACK5,P0A6L0,P0ACK5
P0A6L0 P0AE72,P0A6L0,P0AE72
P0A6L4 P0A7H0,P0A6L4,P0A7H0
P0A6L7 P0A8G3,P0A6L7,P0A8G3
P0A6L7 P0AA78,P0A6L7,P0AA78
P0A6L7 P17445,P0A6L7,P17445
P0A6L9 P0A6Y8,P0A6L9,P0A6Y8
P0A6L9 P0A6Z1,P0A6L9,P0A6Z1
P0A6L9 P0A6Z3,P0A6L9,P0A6Z3
P0A6L9 P0A850,P0A6L9,P0A850
P0A6L9 P0ABH9,P0A6L9,P0ABH9
P0A6L9 P0C054,P0A6L9,P0C054
P0A6L9 P0C058,P0A6L9,P0C058
P0A6L9 P36659,P0A6L9,P36659
P0A6L9 P63284,P0A6L9,P63284
P0A6L9 P77319,P0A6L9,P77319
P0A6M2 P36928,P0A6M2,P36928
P0A6M4 P0A998,P0A6M4,P0A998
P0A6M4 P0A9S3,P0A6M4,P0A9S3
P0A6M4 P0AAR3,P0A6M4,P0AAR3
P0A6M4 P0AB18,P0A6M4,P0AB18
P0A6M4 P0ACX3,P0A6M4,P0ACX3
P0A6M4 P0AG24,P0A6M4,P0AG24
P0A6M4 P28634,P0A6M4,P28634
P0A6M8 P0A707,P0A6M8,P0A707
P0A6M8 P0A7I0,P0A6M8,P0A7I0
P0A6M8 P0AG18,P0A6M8,P0AG18
P0A6M8 P0AG24,P0A6M8,P0AG24
P0A6M8 P0AGB3,P0A6M8,P0AGB3
P0A6M8 P23882,P0A6M8,P23882
P0A6M8 P37624,P0A6M8,P37624
P0A6N4 P0A6P1,P0A6N4,P0A6P1
P0A6N4 P0A8V2,P0A6N4,P0A8V2
P0A6N4 P0A9K9,P0A6N4,P0A9K9
P0A6N4 P0AA43,P0A6N4,P0AA43
P0A6N4 P0AD83,P0A6N4,P0AD83
P0A6N4 P0AE72,P0A6N4,P0AE72
P0A6N4 P0AEJ4,P0A6N4,P0AEJ4
P0A6N4 P0AFL6,P0A6N4,P0AFL6
P0A6N4 P0AG24,P0A6N4,P0AG24
P0A6N4 P39280,P0A6N4,P39280
P0A6N4 P76938,P0A6N4,P76938
P0A6N8 P0A6P9,P0A6N8,P0A6P9
P0A6N8 P0A9W3,P0A6N8,P0A9W3
P0A6P1 P0A6Y8,P0A6P1,P0A6Y8
P0A6P1 P0A9Q1,P0A6P1,P0A9Q1
P0A6P1 P0AA10,P0A6P1,P0AA10
P0A6P1 P22259,P0A6P1,P22259
P0A6P5 P0A6T1,P0A6P5,P0A6T1
P0A6P5 P0A796,P0A6P5,P0A796
P0A6P5 P0A7H0,P0A6P5,P0A7H0
P0A6P5 P0A7Y0,P0A6P5,P0A7Y0
P0A6P5 P0A821,P0A6P5,P0A821
P0A6P5 P0A8I3,P0A6P5,P0A8I3
P0A6P5 P0A9B2,P0A6P5,P0A9B2
P0A6P5 P0A9E5,P0A6P5,P0A9E5
P0A6P5 P0A9M8,P0A6P5,P0A9M8
P0A6P5 P0ABG1,P0A6P5,P0ABG1
P0A6P5 P0ABH7,P0A6P5,P0ABH7
P0A6P5 P0ACB0,P0A6P5,P0ACB0
P0A6P5 P0AD61,P0A6P5,P0AD61
P0A6P5 P0AED9,P0A6P5,P0AED9
P0A6P5 P0AEN1,P0A6P5,P0AEN1
P0A6P5 P0AFF6,P0A6P5,P0AFF6
P0A6P5 P0AG82,P0A6P5,P0AG82
P0A6P5 P0AGJ9,P0A6P5,P0AGJ9
P0A6P5 P0DUM3,P0A6P5,P0DUM3
P0A6P5 P10408,P0A6P5,P10408
P0A6P5 P14407,P0A6P5,P14407
P0A6P5 P15286,P0A6P5,P15286
P0A6P5 P19934,P0A6P5,P19934
P0A6P5 P26647,P0A6P5,P26647
P0A6P5 P33224,P0A6P5,P33224
P0A6P5 P42632,P0A6P5,P42632
P0A6P5 P45955,P0A6P5,P45955
P0A6P5 P60340,P0A6P5,P60340
P0A6P5 P60546,P0A6P5,P60546
P0A6P5 P76149,P0A6P5,P76149
P0A6P9 P0A6T1,P0A6P9,P0A6T1
P0A6P9 P0A6V8,P0A6P9,P0A6V8
P0A6P9 P0A776,P0A6P9,P0A776
P0A6P9 P0A796,P0A6P9,P0A796
P0A6P9 P0A799,P0A6P9,P0A799
P0A6P9 P0A7E5,P0A6P9,P0A7E5
P0A6P9 P0A828,P0A6P9,P0A828
P0A6P9 P0A858,P0A6P9,P0A858
P0A6P9 P0A8H6,P0A6P9,P0A8H6
P0A6P9 P0A955,P0A6P9,P0A955
P0A6P9 P0A9G6,P0A6P9,P0A9G6
P0A6P9 P0A9M8,P0A6P9,P0A9M8
P0A6P9 P0A9P4,P0A6P9,P0A9P4
P0A6P9 P0A9Q1,P0A6P9,P0A9Q1
P0A6P9 P0AA04,P0A6P9,P0AA04
P0A6P9 P0AB67,P0A6P9,P0AB67
P0A6P9 P0AB83,P0A6P9,P0AB83
P0A6P9 P0ABB0,P0A6P9,P0ABB0
P0A6P9 P0ABF6,P0A6P9,P0ABF6
P0A6P9 P0ACL0,P0A6P9,P0ACL0
P0A6P9 P0ADE6,P0A6P9,P0ADE6
P0A6P9 P0ADG7,P0A6P9,P0ADG7
P0A6P9 P17854,P0A6P9,P17854
P0A6P9 P22259,P0A6P9,P22259
P0A6P9 P25553,P0A6P9,P25553
P0A6P9 P36938,P0A6P9,P36938
P0A6P9 P69783,P0A6P9,P69783
P0A6P9 P76594,P0A6P9,P76594
P0A6P9 P80644,P0A6P9,P80644
P0A6Q3 P0A953,P0A6Q3,P0A953
P0A6Q3 P0ABD8,P0A6Q3,P0ABD8
P0A6Q3 P67153,P0A6Q3,P67153
P0A6Q6 P0ABD5,P0A6Q6,P0ABD5
P0A6Q6 P10441,P0A6Q6,P10441
P0A6Q6 P10442,P0A6Q6,P10442
P0A6Q6 P52095,P0A6Q6,P52095
P0A6Q6 P69222,P0A6Q6,P69222
P0A6Q6 P69451,P0A6Q6,P69451
P0A6R3 P0A6X3,P0A6R3,P0A6X3
P0A6R3 P0A7F9,P0A6R3,P0A7F9
P0A6R3 P0A7I0,P0A6R3,P0A7I0
P0A6R3 P0A8I3,P0A6R3,P0A8I3
P0A6R3 P0ABK9,P0A6R3,P0ABK9
P0A6R3 P0ABT5,P0A6R3,P0ABT5
P0A6R3 P21177,P0A6R3,P21177
P0A6R3 P22259,P0A6R3,P22259
P0A6R3 P68191,P0A6R3,P68191
P0A6S0 P0A8T5,P0A6S0,P0A8T5
P0A6S7 P0A6T1,P0A6S7,P0A6T1
P0A6S7 P0A6V1,P0A6S7,P0A6V1
P0A6S7 P0A799,P0A6S7,P0A799
P0A6S7 P0A9B2,P0A6S7,P0A9B2
P0A6T1 P0A796,P0A6T1,P0A796
P0A6T1 P0A991,P0A6T1,P0A991
P0A6T1 P0A9B2,P0A6T1,P0A9B2
P0A6T1 P0A9G6,P0A6T1,P0A9G6
P0A6T1 P0AB71,P0A6T1,P0AB71
P0A6T1 P0AB83,P0A6T1,P0AB83
P0A6T1 P0AD61,P0A6T1,P0AD61
P0A6T1 P23538,P0A6T1,P23538
P0A6T1 P61889,P0A6T1,P61889
P0A6T3 P0A7G6,P0A6T3,P0A7G6
P0A6T3 P0A7S3,P0A6T3,P0A7S3
P0A6T3 P0A858,P0A6T3,P0A858
P0A6T3 P0A927,P0A6T3,P0A927
P0A6T3 P0A9A9,P0A6T3,P0A9A9
P0A6T3 P0ACK5,P0A6T3,P0ACK5
P0A6T3 P0ADA1,P0A6T3,P0ADA1
P0A6T3 P0AED9,P0A6T3,P0AED9
P0A6T3 P0AEP3,P0A6T3,P0AEP3
P0A6T3 P24200,P0A6T3,P24200
P0A6T3 P24202,P0A6T3,P24202
P0A6T5 P0AD86,P0A6T5,P0AD86
P0A6U8 P0A715,P0A6U8,P0A715
P0A6V1 P0A6X3,P0A6V1,P0A6X3
P0A6V1 P0A796,P0A6V1,P0A796
P0A6V1 P0A8S9,P0A6V1,P0A8S9
P0A6V1 P0ACC3,P0A6V1,P0ACC3
P0A6V1 P0AD42,P0A6V1,P0AD42
P0A6V1 P0AG24,P0A6V1,P0AG24
P0A6V1 P15078,P0A6V1,P15078
P0A6V1 P25516,P0A6V1,P25516
P0A6V1 P30745,P0A6V1,P30745
P0A6V1 P31129,P0A6V1,P31129
P0A6V1 P37440,P0A6V1,P37440
P0A6V1 P69434,P0A6V1,P69434
P0A6V1 P69913,P0A6V1,P69913
P0A6V1 P75908,P0A6V1,P75908
P0A6V8 P0A796,P0A6V8,P0A796
P0A6V8 P0AB71,P0A6V8,P0AB71
P0A6V8 P0AEP1,P0A6V8,P0AEP1
P0A6V8 P0AG24,P0A6V8,P0AG24
P0A6V8 P22259,P0A6V8,P22259
P0A6V8 P37747,P0A6V8,P37747
P0A6W9 P0A7C8,P0A6W9,P0A7C8
P0A6W9 P0A825,P0A6W9,P0A825
P0A6W9 P0ABK5,P0A6W9,P0ABK5
P0A6W9 P22259,P0A6W9,P22259
P0A6W9 P24174,P0A6W9,P24174
P0A6W9 P29680,P0A6W9,P29680
P0A6W9 P29745,P0A6W9,P29745
P0A6W9 Q59385,P0A6W9,Q59385
P0A6X1 P0A7I0,P0A6X1,P0A7I0
P0A6X3 P0A6Y1,P0A6X3,P0A6Y1
P0A6X3 P0A7D4,P0A6X3,P0A7D4
P0A6X3 P0A8M3,P0A6X3,P0A8M3
P0A6X3 P0A8S9,P0A6X3,P0A8S9
P0A6X3 P0AF67,P0A6X3,P0AF67
P0A6X3 P0AG24,P0A6X3,P0AG24
P0A6X3 P15078,P0A6X3,P15078
P0A6X3 P23367,P0A6X3,P23367
P0A6X3 P26365,P0A6X3,P26365
P0A6X3 P28861,P0A6X3,P28861
P0A6X3 P31806,P0A6X3,P31806
P0A6X3 P69434,P0A6X3,P69434
P0A6X3 P69913,P0A6X3,P69913
P0A6X3 P80644,P0A6X3,P80644
P0A6X7 P0A6Y1,P0A6X7,P0A6Y1
P0A6X7 P0ACF0,P0A6X7,P0ACF0
P0A6Y5 P0A6Y8,P0A6Y5,P0A6Y8
P0A6Y5 P0A850,P0A6Y5,P0A850
P0A6Y5 P0AFL3,P0A6Y5,P0AFL3
P0A6Y5 P31658,P0A6Y5,P31658
P0A6Y5 P36659,P0A6Y5,P36659
P0A6Y5 P45523,P0A6Y5,P45523
P0A6Y5 P64610,P0A6Y5,P64610
P0A6Y8 P0A6Z1,P0A6Y8,P0A6Z1
P0A6Y8 P0A7B8,P0A6Y8,P0A7B8
P0A6Y8 P0A7J3,P0A6Y8,P0A7J3
P0A6Y8 P0A7J7,P0A6Y8,P0A7J7
P0A6Y8 P0A7K2,P0A6Y8,P0A7K2
P0A6Y8 P0A7K6,P0A6Y8,P0A7K6
P0A6Y8 P0A7L0,P0A6Y8,P0A7L0
P0A6Y8 P0A7L3,P0A6Y8,P0A7L3
P0A6Y8 P0A7L8,P0A6Y8,P0A7L8
P0A6Y8 P0A7M2,P0A6Y8,P0A7M2
P0A6Y8 P0A7R1,P0A6Y8,P0A7R1
P0A6Y8 P0A828,P0A6Y8,P0A828
P0A6Y8 P0A862,P0A6Y8,P0A862
P0A6Y8 P0A890,P0A6Y8,P0A890
P0A6Y8 P0A940,P0A6Y8,P0A940
P0A6Y8 P0A9L5,P0A6Y8,P0A9L5
P0A6Y8 P0A9L8,P0A6Y8,P0A9L8
P0A6Y8 P0AA10,P0A6Y8,P0AA10
P0A6Y8 P0ABH9,P0A6Y8,P0ABH9
P0A6Y8 P0ACF8,P0A6Y8,P0ACF8
P0A6Y8 P0ADY1,P0A6Y8,P0ADY1
P0A6Y8 P0AEC8,P0A6Y8,P0AEC8
P0A6Y8 P0AEM0,P0A6Y8,P0AEM0
P0A6Y8 P0AES9,P0A6Y8,P0AES9
P0A6Y8 P0AG48,P0A6Y8,P0AG48
P0A6Y8 P0AG51,P0A6Y8,P0AG51
P0A6Y8 P0AG55,P0A6Y8,P0AG55
P0A6Y8 P0C058,P0A6Y8,P0C058
P0A6Y8 P23909,P0A6Y8,P23909
P0A6Y8 P27298,P0A6Y8,P27298
P0A6Y8 P31658,P0A6Y8,P31658
P0A6Y8 P36928,P0A6Y8,P36928
P0A6Y8 P36930,P0A6Y8,P36930
P0A6Y8 P60422,P0A6Y8,P60422
P0A6Y8 P61175,P0A6Y8,P61175
P0A6Y8 P62399,P0A6Y8,P62399
P0A6Y8 P64490,P0A6Y8,P64490
P0A6Y8 P64610,P0A6Y8,P64610
P0A6Y8 P76172,P0A6Y8,P76172
P0A6Y8 P77319,P0A6Y8,P77319
P0A6Y8 Q47710,P0A6Y8,Q47710
P0A6Y8 Q59385,P0A6Y8,Q59385
P0A6Z1 P0A850,P0A6Z1,P0A850
P0A6Z1 P0A9R4,P0A6Z1,P0A9R4
P0A6Z1 P0ABH9,P0A6Z1,P0ABH9
P0A6Z1 P0ABZ6,P0A6Z1,P0ABZ6
P0A6Z1 P0ADN0,P0A6Z1,P0ADN0
P0A6Z1 P0C054,P0A6Z1,P0C054
P0A6Z1 P17444,P0A6Z1,P17444
P0A6Z1 P31473,P0A6Z1,P31473
P0A6Z1 P45523,P0A6Z1,P45523
P0A6Z1 P77319,P0A6Z1,P77319
P0A6Z3 P0A850,P0A6Z3,P0A850
P0A6Z3 P0A9M0,P0A6Z3,P0A9M0
P0A6Z3 P0ABC3,P0A6Z3,P0ABC3
P0A6Z3 P0ABC7,P0A6Z3,P0ABC7
P0A6Z3 P0ABJ1,P0A6Z3,P0ABJ1
P0A6Z3 P0ACG8,P0A6Z3,P0ACG8
P0A6Z3 P0ADY1,P0A6Z3,P0ADY1
P0A6Z3 P0AG24,P0A6Z3,P0AG24
P0A6Z3 P0AGB6,P0A6Z3,P0AGB6
P0A6Z3 P0C058,P0A6Z3,P0C058
P0A6Z3 P22259,P0A6Z3,P22259
P0A6Z3 P23869,P0A6Z3,P23869
P0A6Z3 P25553,P0A6Z3,P25553
P0A6Z3 P31680,P0A6Z3,P31680
P0A6Z3 P63284,P0A6Z3,P63284
P0A6Z3 P77319,P0A6Z3,P77319
P0A705 P0A707,P0A705,P0A707
P0A705 P0A7E9,P0A705,P0A7E9
P0A705 P0A7K2,P0A705,P0A7K2
P0A705 P0A8I8,P0A705,P0A8I8
P0A705 P0ABD3,P0A705,P0ABD3
P0A705 P0ADE8,P0A705,P0ADE8
P0A705 P0AFF6,P0A705,P0AFF6
P0A705 P0AGJ2,P0A705,P0AGJ2
P0A705 P69441,P0A705,P69441
P0A707 P0A7R9,P0A707,P0A7R9
P0A707 P0A805,P0A707,P0A805
P0A707 P0ADX9,P0A707,P0ADX9
P0A707 P0AGD7,P0A707,P0AGD7
P0A707 P23882,P0A707,P23882
P0A707 P39180,P0A707,P39180
P0A710 P0AEE1,P0A710,P0AEE1
P0A717 P0A825,P0A717,P0A825
P0A717 P0AD61,P0A717,P0AD61
P0A717 P15639,P0A717,P15639
P0A717 P27302,P0A717,P27302
P0A722 P0ABD5,P0A722,P0ABD5
P0A722 P10442,P0A722,P10442
P0A725 P0A9Q9,P0A725,P0A9Q9
P0A725 P0AF98,P0A725,P0AF98
P0A725 P0AG40,P0A725,P0AG40
P0A725 P62066,P0A725,P62066
P0A731 P23827,P0A731,P23827
P0A731 P61889,P0A731,P61889
P0A734 P0AEZ3,P0A734,P0AEZ3
P0A738 P0ABY7,P0A738,P0ABY7
P0A738 P0AG76,P0A738,P0AG76
P0A738 P12281,P0A738,P12281
P0A738 P12282,P0A738,P12282
P0A738 P13458,P0A738,P13458
P0A742 P0C0S1,P0A742,P0C0S1
P0A742 P13445,P0A742,P13445
P0A742 P21513,P0A742,P21513
P0A744 P0A821,P0A744,P0A821
P0A746 P0A9A9,P0A746,P0A9A9
P0A749 P0ACB0,P0A749,P0ACB0
P0A749 P10443,P0A749,P10443
P0A749 P11349,P0A749,P11349
P0A749 P11880,P0A749,P11880
P0A749 P46022,P0A749,P46022
P0A752 P12758,P0A752,P12758
P0A761 P0AA78,P0A761,P0AA78
P0A761 P0AAF3,P0A761,P0AAF3
P0A761 P0AF18,P0A761,P0AF18
P0A761 P0C058,P0A761,P0C058
P0A761 P38105,P0A761,P38105
P0A761 P76193,P0A761,P76193
P0A763 P0A786,P0A763,P0A786
P0A763 P0A7B1,P0A763,P0A7B1
P0A763 P0A7D4,P0A763,P0A7D4
P0A763 P0A7D7,P0A763,P0A7D7
P0A763 P0A7E1,P0A763,P0A7E1
P0A763 P0A9K1,P0A763,P0A9K1
P0A763 P0AB89,P0A763,P0AB89
P0A763 P0AD61,P0A763,P0AD61
P0A763 P0ADG7,P0A763,P0ADG7
P0A763 P0AER0,P0A763,P0AER0
P0A763 P0AG16,P0A763,P0AG16
P0A763 P15254,P0A763,P15254
P0A763 P15639,P0A763,P15639
P0A763 P69441,P0A763,P69441
P0A763 P76461,P0A763,P76461
P0A776 P0A9T4,P0A776,P0A9T4
P0A776 P0AEP1,P0A776,P0AEP1
P0A776 P0AG24,P0A776,P0AG24
P0A776 P21513,P0A776,P21513
P0A776 P31119,P0A776,P31119
P0A776 P37177,P0A776,P37177
P0A776 P39196,P0A776,P39196
P0A776 P64467,P0A776,P64467
P0A776 P65294,P0A776,P65294
P0A776 P67127,P0A776,P67127
P0A786 P0A7E9,P0A786,P0A7E9
P0A786 P0A853,P0A786,P0A853
P0A786 P0A890,P0A786,P0A890
P0A786 P0A8G3,P0A786,P0A8G3
P0A786 P0AG24,P0A786,P0AG24
P0A786 P15254,P0A786,P15254
P0A796 P0A799,P0A796,P0A799
P0A796 P0A991,P0A796,P0A991
P0A796 P0A9B2,P0A796,P0A9B2
P0A796 P0AB71,P0A796,P0AB71
P0A796 P0ABB4,P0A796,P0ABB4
P0A796 P0ACP1,P0A796,P0ACP1
P0A796 P0AD61,P0A796,P0AD61
P0A796 P0AEX9,P0A796,P0AEX9
P0A796 P13445,P0A796,P13445
P0A796 P25516,P0A796,P25516
P0A796 P27550,P0A796,P27550
P0A796 P42632,P0A796,P42632
P0A799 P0A858,P0A799,P0A858
P0A799 P0A912,P0A799,P0A912
P0A799 P0A9B2,P0A799,P0A9B2
P0A799 P0AB87,P0A799,P0AB87
P0A799 P0ABB4,P0A799,P0ABB4
P0A799 P0AC41,P0A799,P0AC41
P0A799 P0AD61,P0A799,P0AD61
P0A799 P0AG07,P0A799,P0AG07
P0A799 P38135,P0A799,P38135
P0A799 P46889,P0A799,P46889
P0A799 P52697,P0A799,P52697
P0A799 P61889,P0A799,P61889
P0A799 P69503,P0A799,P69503
P0A7A5 P28634,P0A7A5,P28634
P0A7A7 P0A8K1,P0A7A7,P0A8K1
P0A7A7 P0ABF8,P0A7A7,P0ABF8
P0A7A7 P0ABG1,P0A7A7,P0ABG1
P0A7A7 P0AG18,P0A7A7,P0AG18
P0A7A7 P0AG24,P0A7A7,P0AG24
P0A7A7 P18200,P0A7A7,P18200
P0A7A7 P23830,P0A7A7,P23830
P0A7A7 P23847,P0A7A7,P23847
P0A7A7 P26647,P0A7A7,P26647
P0A7A9 P20605,P0A7A9,P20605
P0A7A9 P22259,P0A7A9,P22259
P0A7A9 P24174,P0A7A9,P24174
P0A7B1 P0A9J6,P0A7B1,P0A9J6
P0A7B8 P0AAI3,P0A7B8,P0AAI3
P0A7B8 P0ABC3,P0A7B8,P0ABC3
P0A7B8 P0ABC7,P0A7B8,P0ABC7
P0A7B8 P0ABH9,P0A7B8,P0ABH9
P0A7B8 P0ABJ1,P0A7B8,P0ABJ1
P0A7B8 P0AG24,P0A7B8,P0AG24
P0A7C2 P0AG11,P0A7C2,P0AG11
P0A7C2 P30958,P0A7C2,P30958
P0A7C6 P0AG24,P0A7C6,P0AG24
P0A7C6 P77712,P0A7C6,P77712
P0A7D4 P0A7D7,P0A7D4,P0A7D7
P0A7D4 P0A7E3,P0A7D4,P0A7E3
P0A7D4 P0A7E5,P0A7D4,P0A7E5
P0A7D4 P0A7E9,P0A7D4,P0A7E9
P0A7D4 P0AB89,P0A7D4,P0AB89
P0A7D4 P0ADG7,P0A7D4,P0ADG7
P0A7D4 P0AG16,P0A7D4,P0AG16
P0A7D4 P0AG18,P0A7D4,P0AG18
P0A7D4 P15254,P0A7D4,P15254
P0A7D4 P15640,P0A7D4,P15640
P0A7D7 P0A7E5,P0A7D7,P0A7E5
P0A7D7 P0AB89,P0A7D7,P0AB89
P0A7D7 P0ADG7,P0A7D7,P0ADG7
P0A7D7 P0AEZ1,P0A7D7,P0AEZ1
P0A7D7 P0AG18,P0A7D7,P0AG18
P0A7D7 P15639,P0A7D7,P15639
P0A7D7 P23847,P0A7D7,P23847
P0A7E1 P0A800,P0A7E1,P0A800
P0A7E1 P0AG16,P0A7E1,P0AG16
P0A7E1 P15254,P0A7E1,P15254
P0A7E3 P0ABA4,P0A7E3,P0ABA4
P0A7E3 P0ADG7,P0A7E3,P0ADG7
P0A7E3 P0AEZ3,P0A7E3,P0AEZ3
P0A7E3 P0CG19,P0A7E3,P0CG19
P0A7E3 P22259,P0A7E3,P22259
P0A7E5 P0ADG7,P0A7E5,P0ADG7
P0A7E5 P0AEN1,P0A7E5,P0AEN1
P0A7E5 P0AFH2,P0A7E5,P0AFH2
P0A7E5 P0AG18,P0A7E5,P0AG18
P0A7E5 P12758,P0A7E5,P12758
P0A7E5 P15254,P0A7E5,P15254
P0A7E5 P21345,P0A7E5,P21345
P0A7E5 P22259,P0A7E5,P22259
P0A7E5 P23843,P0A7E5,P23843
P0A7E5 P23882,P0A7E5,P23882
P0A7E9 P0ADG7,P0A7E9,P0ADG7
P0A7E9 P12758,P0A7E9,P12758
P0A7E9 P15639,P0A7E9,P15639
P0A7E9 P69441,P0A7E9,P69441
P0A7F6 P0A9B6,P0A7F6,P0A9B6
P0A7F9 P65870,P0A7F9,P65870
P0A7F9 P77182,P0A7F9,P77182
P0A7G2 P0A7R9,P0A7G2,P0A7R9
P0A7G2 P0A7X3,P0A7G2,P0A7X3
P0A7G2 P0A948,P0A7G2,P0A948
P0A7G2 P0A9J0,P0A7G2,P0A9J0
P0A7G2 P36995,P0A7G2,P36995
P0A7G6 P0A7H0,P0A7G6,P0A7H0
P0A7G6 P0A7Y8,P0A7G6,P0A7Y8
P0A7G6 P0A812,P0A7G6,P0A812
P0A7G6 P0A8F8,P0A7G6,P0A8F8
P0A7G6 P0A910,P0A7G6,P0A910
P0A7G6 P0A927,P0A7G6,P0A927
P0A7G6 P0A9A6,P0A7G6,P0A9A6
P0A7G6 P0A9A9,P0A7G6,P0A9A9
P0A7G6 P0A9M0,P0A7G6,P0A9M0
P0A7G6 P0AED9,P0A7G6,P0AED9
P0A7G6 P0AEE8,P0A7G6,P0AEE8
P0A7G6 P0AES6,P0A7G6,P0AES6
P0A7G6 P0AFH0,P0A7G6,P0AFH0
P0A7G6 P0AFZ5,P0A7G6,P0AFZ5
P0A7G6 P0AG11,P0A7G6,P0AG11
P0A7G6 P0AG20,P0A7G6,P0AG20
P0A7G6 P15078,P0A7G6,P15078
P0A7G6 P21189,P0A7G6,P21189
P0A7G6 P21893,P0A7G6,P21893
P0A7G6 P24218,P0A7G6,P24218
P0A7G6 P25736,P0A7G6,P25736
P0A7G6 P39410,P0A7G6,P39410
P0A7G6 P56976,P0A7G6,P56976
P0A7G6 P69908,P0A7G6,P69908
P0A7G6 P76362,P0A7G6,P76362
P0A7G6 P76482,P0A7G6,P76482
P0A7G6 P76506,P0A7G6,P76506
P0A7G6 Q47150,P0A7G6,Q47150
P0A7H0 P0A7Y8,P0A7H0,P0A7Y8
P0A7H0 P0A812,P0A7H0,P0A812
P0A7H0 P0A8I3,P0A7H0,P0A8I3
P0A7H0 P0A988,P0A7H0,P0A988
P0A7H0 P0AB83,P0A7H0,P0AB83
P0A7H0 P0ABF1,P0A7H0,P0ABF1
P0A7H0 P0ABS5,P0A7H0,P0ABS5
P0A7H0 P0ACB0,P0A7H0,P0ACB0
P0A7H0 P0AEN1,P0A7H0,P0AEN1
P0A7H0 P0AFH0,P0A7H0,P0AFH0
P0A7H0 P0AG11,P0A7H0,P0AG11
P0A7H0 P16525,P0A7H0,P16525
P0A7H0 P17888,P0A7H0,P17888
P0A7H0 P20083,P0A7H0,P20083
P0A7H0 P21189,P0A7H0,P21189
P0A7H0 P21513,P0A7H0,P21513
P0A7H0 P23840,P0A7H0,P23840
P0A7H0 P23909,P0A7H0,P23909
P0A7H0 P27253,P0A7H0,P27253
P0A7H0 P27296,P0A7H0,P27296
P0A7H0 P30850,P0A7H0,P30850
P0A7H0 P31060,P0A7H0,P31060
P0A7H0 P37624,P0A7H0,P37624
P0A7H0 P37745,P0A7H0,P37745
P0A7H0 P45423,P0A7H0,P45423
P0A7H0 P52140,P0A7H0,P52140
P0A7H0 P76362,P0A7H0,P76362
P0A7H0 P76482,P0A7H0,P76482
P0A7H6 P0A8B5,P0A7H6,P0A8B5
P0A7I0 P0A7I4,P0A7I0,P0A7I4
P0A7I0 P0AE70,P0A7I0,P0AE70
P0A7I0 P0AG18,P0A7I0,P0AG18
P0A7I0 P0AGJ9,P0A7I0,P0AGJ9
P0A7I0 P11880,P0A7I0,P11880
P0A7I0 P16926,P0A7I0,P16926
P0A7I0 P23003,P0A7I0,P23003
P0A7I0 P25736,P0A7I0,P25736
P0A7I0 P27300,P0A7I0,P27300
P0A7I0 P60955,P0A7I0,P60955
P0A7I0 P69931,P0A7I0,P69931
P0A7I4 P0A805,P0A7I4,P0A805
P0A7J3 P0A7K2,P0A7J3,P0A7K2
P0A7J3 P0A7L0,P0A7J3,P0A7L0
P0A7J3 P0A7L3,P0A7J3,P0A7L3
P0A7J3 P0A7L8,P0A7J3,P0A7L8
P0A7J3 P0A7M2,P0A7J3,P0A7M2
P0A7J3 P0A7R1,P0A7J3,P0A7R1
P0A7J3 P0A940,P0A7J3,P0A940
P0A7J3 P0AA10,P0A7J3,P0AA10
P0A7J3 P0AEU7,P0A7J3,P0AEU7
P0A7J3 P0AG44,P0A7J3,P0AG44
P0A7J3 P0AG55,P0A7J3,P0AG55
P0A7J3 P60422,P0A7J3,P60422
P0A7J3 P60438,P0A7J3,P60438
P0A7J3 P60723,P0A7J3,P60723
P0A7J3 P62399,P0A7J3,P62399
P0A7J3 P68919,P0A7J3,P68919
P0A7J7 P0A7K2,P0A7J7,P0A7K2
P0A7J7 P0A7M2,P0A7J7,P0A7M2
P0A7J7 P0A7R1,P0A7J7,P0A7R1
P0A7J7 P0A805,P0A7J7,P0A805
P0A7J7 P0A940,P0A7J7,P0A940
P0A7J7 P0AA10,P0A7J7,P0AA10
P0A7J7 P0AG48,P0A7J7,P0AG48
P0A7J7 P0AG55,P0A7J7,P0AG55
P0A7J7 P0CE48,P0A7J7,P0CE48
P0A7J7 P37025,P0A7J7,P37025
P0A7J7 P60422,P0A7J7,P60422
P0A7J7 P60438,P0A7J7,P60438
P0A7J7 P61175,P0A7J7,P61175
P0A7K2 P0A7K6,P0A7K2,P0A7K6
P0A7K2 P0A7L0,P0A7K2,P0A7L0
P0A7K2 P0A7L3,P0A7K2,P0A7L3
P0A7K2 P0A7L8,P0A7K2,P0A7L8
P0A7K2 P0A7M2,P0A7K2,P0A7M2
P0A7K2 P0A7M6,P0A7K2,P0A7M6
P0A7K2 P0A7R1,P0A7K2,P0A7R1
P0A7K2 P0A7T7,P0A7K2,P0A7T7
P0A7K2 P0A7V3,P0A7K2,P0A7V3
P0A7K2 P0A940,P0A7K2,P0A940
P0A7K2 P0AA10,P0A7K2,P0AA10
P0A7K2 P0AEU7,P0A7K2,P0AEU7
P0A7K2 P0AG55,P0A7K2,P0AG55
P0A7K2 P0AG67,P0A7K2,P0AG67
P0A7K2 P0CE48,P0A7K2,P0CE48
P0A7K2 P60438,P0A7K2,P60438
P0A7K2 P60624,P0A7K2,P60624
P0A7K2 P61175,P0A7K2,P61175
P0A7K2 P62399,P0A7K2,P62399
P0A7K6 P0A7L0,P0A7K6,P0A7L0
P0A7K6 P0A7L3,P0A7K6,P0A7L3
P0A7K6 P0A7M2,P0A7K6,P0A7M2
P0A7K6 P0A7R1,P0A7K6,P0A7R1
P0A7K6 P0A940,P0A7K6,P0A940
P0A7K6 P0AA10,P0A7K6,P0AA10
P0A7K6 P0AEU7,P0A7K6,P0AEU7
P0A7K6 P60438,P0A7K6,P60438
P0A7K6 P68919,P0A7K6,P68919
P0A7L0 P0A7L3,P0A7L0,P0A7L3
P0A7L0 P0A7L8,P0A7L0,P0A7L8
P0A7L0 P0A7M2,P0A7L0,P0A7M2
P0A7L0 P0A7S9,P0A7L0,P0A7S9
P0A7L0 P0A850,P0A7L0,P0A850
P0A7L0 P0A940,P0A7L0,P0A940
P0A7L0 P0AA10,P0A7L0,P0AA10
P0A7L0 P0AEU7,P0A7L0,P0AEU7
P0A7L0 P0AG48,P0A7L0,P0AG48
P0A7L0 P60422,P0A7L0,P60422
P0A7L0 P60438,P0A7L0,P60438
P0A7L0 P62399,P0A7L0,P62399
P0A7L3 P0A7R1,P0A7L3,P0A7R1
P0A7L3 P0A940,P0A7L3,P0A940
P0A7L3 P0AA10,P0A7L3,P0AA10
P0A7L3 P0AG48,P0A7L3,P0AG48
P0A7L8 P0A7R1,P0A7L8,P0A7R1
P0A7L8 P0A940,P0A7L8,P0A940
P0A7L8 P0AA10,P0A7L8,P0AA10
P0A7L8 P60438,P0A7L8,P60438
P0A7L8 P62399,P0A7L8,P62399
P0A7M2 P0A7R1,P0A7M2,P0A7R1
P0A7M2 P0A7T7,P0A7M2,P0A7T7
P0A7M2 P0A940,P0A7M2,P0A940
P0A7M2 P0AA10,P0A7M2,P0AA10
P0A7M2 P0AEU7,P0A7M2,P0AEU7
P0A7M2 P0AG48,P0A7M2,P0AG48
P0A7M2 P60422,P0A7M2,P60422
P0A7M2 P62399,P0A7M2,P62399
P0A7M6 P0A7Q6,P0A7M6,P0A7Q6
P0A7M6 P0A7R5,P0A7M6,P0A7R5
P0A7M6 P0A7U3,P0A7M6,P0A7U3
P0A7M6 P0C0L2,P0A7M6,P0C0L2
P0A7M9 P0A7N1,P0A7M9,P0A7N1
P0A7M9 P0A7W1,P0A7M9,P0A7W1
P0A7M9 P39286,P0A7M9,P39286
P0A7M9 P39410,P0A7M9,P39410
P0A7M9 P60723,P0A7M9,P60723
P0A7N1 P0AC51,P0A7N1,P0AC51
P0A7N1 Q2EEQ2,P0A7N1,Q2EEQ2
P0A7N9 P0A7T7,P0A7N9,P0A7T7
P0A7N9 P0AG59,P0A7N9,P0AG59
P0A7N9 P39286,P0A7N9,P39286
P0A7P5 P0A7Y8,P0A7P5,P0A7Y8
P0A7P5 P0A8C8,P0A7P5,P0A8C8
P0A7P5 P25714,P0A7P5,P25714
P0A7P5 P60472,P0A7P5,P60472
P0A7Q6 P0AG24,P0A7Q6,P0AG24
P0A7R1 P0A7S9,P0A7R1,P0A7S9
P0A7R1 P0A940,P0A7R1,P0A940
P0A7R1 P0AA10,P0A7R1,P0AA10
P0A7R1 P0AEU7,P0A7R1,P0AEU7
P0A7R1 P0AG67,P0A7R1,P0AG67
P0A7R1 P60422,P0A7R1,P60422
P0A7R1 P60438,P0A7R1,P60438
P0A7R1 P61175,P0A7R1,P61175
P0A7R1 P62399,P0A7R1,P62399
P0A7R5 P0A7U3,P0A7R5,P0A7U3
P0A7R5 P0A7V3,P0A7R5,P0A7V3
P0A7R5 P0ADY7,P0A7R5,P0ADY7
P0A7R5 P0AG63,P0A7R5,P0AG63
P0A7R5 P61175,P0A7R5,P61175
P0A7R9 P0A7V3,P0A7R9,P0A7V3
P0A7R9 P0A7V8,P0A7R9,P0A7V8
P0A7R9 P0A7W1,P0A7R9,P0A7W1
P0A7R9 P0A7X3,P0A7R9,P0A7X3
P0A7R9 P0ADY7,P0A7R9,P0ADY7
P0A7R9 P0C018,P0A7R9,P0C018
P0A7R9 P28634,P0A7R9,P28634
P0A7R9 P60390,P0A7R9,P60390
P0A7R9 P61175,P0A7R9,P61175
P0A7R9 P67087,P0A7R9,P67087
P0A7R9 P69222,P0A7R9,P69222
P0A7S3 P0A7U3,P0A7S3,P0A7U3
P0A7S3 P0A7U7,P0A7S3,P0A7U7
P0A7S3 P0A9M0,P0A7S3,P0A9M0
P0A7S3 P0ACK5,P0A7S3,P0ACK5
P0A7S3 P0AED9,P0A7S3,P0AED9
P0A7S3 P0AEE8,P0A7S3,P0AEE8
P0A7S3 P0AEP3,P0A7S3,P0AEP3
P0A7S3 P0AFF4,P0A7S3,P0AFF4
P0A7S3 P0AG24,P0A7S3,P0AG24
P0A7S3 P13738,P0A7S3,P13738
P0A7S3 P24200,P0A7S3,P24200
P0A7S3 P24202,P0A7S3,P24202
P0A7S3 P61175,P0A7S3,P61175
P0A7S9 P0AG63,P0A7S9,P0AG63
P0A7S9 P60422,P0A7S9,P60422
P0A7T3 P0A7V3,P0A7T3,P0A7V3
P0A7T7 P0AG59,P0A7T7,P0AG59
P0A7U3 P0A7V3,P0A7U3,P0A7V3
P0A7U3 P0AC65,P0A7U3,P0AC65
P0A7U3 P0ACF0,P0A7U3,P0ACF0
P0A7U3 P0ADY7,P0A7U3,P0ADY7
P0A7U3 P0ADZ4,P0A7U3,P0ADZ4
P0A7U3 P61175,P0A7U3,P61175
P0A7U7 P37025,P0A7U7,P37025
P0A7U7 P61175,P0A7U7,P61175
P0A7V3 P0A7W1,P0A7V3,P0A7W1
P0A7V3 P0AG63,P0A7V3,P0AG63
P0A7V3 P0AGD7,P0A7V3,P0AGD7
P0A7V3 P0C0L2,P0A7V3,P0C0L2
P0A7V8 P61175,P0A7V8,P61175
P0A7W1 P0A821,P0A7W1,P0A821
P0A7W1 P0ADY3,P0A7W1,P0ADY3
P0A7W1 P0AG24,P0A7W1,P0AG24
P0A7W1 P0AG67,P0A7W1,P0AG67
P0A7W1 P0AGA2,P0A7W1,P0AGA2
P0A7W1 P39286,P0A7W1,P39286
P0A7W1 P61175,P0A7W1,P61175
P0A7W1 P75697,P0A7W1,P75697
P0A7X3 P28634,P0A7X3,P28634
P0A7X3 P67087,P0A7X3,P67087
P0A7Y0 P0A821,P0A7Y0,P0A821
P0A7Y0 P0A9J0,P0A7Y0,P0A9J0
P0A7Y0 P10121,P0A7Y0,P10121
P0A7Y0 P13445,P0A7Y0,P13445
P0A7Y0 P21499,P0A7Y0,P21499
P0A7Y0 P23894,P0A7Y0,P23894
P0A7Y0 P36675,P0A7Y0,P36675
P0A7Y4 P21513,P0A7Y4,P21513
P0A7Y8 P0A8C8,P0A7Y8,P0A8C8
P0A7Y8 P0A8V0,P0A7Y8,P0A8V0
P0A7Y8 P0A9J0,P0A7Y8,P0A9J0
P0A7Y8 P21513,P0A7Y8,P21513
P0A7Y8 P25714,P0A7Y8,P25714
P0A7Y8 P30850,P0A7Y8,P30850
P0A7Y8 P76362,P0A7Y8,P76362
P0A7Y8 P76482,P0A7Y8,P76482
P0A7Z0 P0A8Q0,P0A7Z0,P0A8Q0
P0A7Z0 P0ABI8,P0A7Z0,P0ABI8
P0A7Z0 P0AC47,P0A7Z0,P0AC47
P0A7Z0 P14407,P0A7Z0,P14407
P0A7Z4 P0A800,P0A7Z4,P0A800
P0A7Z4 P0A8V2,P0A7Z4,P0A8V2
P0A7Z4 P0ABB0,P0A7Z4,P0ABB0
P0A7Z4 P0ABB4,P0A7Z4,P0ABB4
P0A7Z4 P22259,P0A7Z4,P22259
P0A7Z4 P28861,P0A7Z4,P28861
P0A7Z4 P60757,P0A7Z4,P60757
P0A800 P0A8T7,P0A800,P0A8T7
P0A800 P0A8V2,P0A800,P0A8V2
P0A800 P0AG24,P0A800,P0AG24
P0A800 P60546,P0A800,P60546
P0A812 P0AFH0,P0A812,P0AFH0
P0A812 P76362,P0A812,P76362
P0A817 P15254,P0A817,P15254
P0A821 P0A850,P0A821,P0A850
P0A821 P0A9Q7,P0A821,P0A9Q7
P0A821 P0AG24,P0A821,P0AG24
P0A821 P10121,P0A821,P10121
P0A821 P14081,P0A821,P14081
P0A821 P22259,P0A821,P22259
P0A821 P25714,P0A821,P25714
P0A821 P69428,P0A821,P69428
P0A825 P0A884,P0A825,P0A884
P0A825 P0A9D4,P0A825,P0A9D4
P0A825 P0A9F3,P0A825,P0A9F3
P0A825 P0A9J8,P0A825,P0A9J8
P0A825 P0AAE0,P0A825,P0AAE0
P0A825 P0AB77,P0A825,P0AB77
P0A825 P0ABA0,P0A825,P0ABA0
P0A825 P0ABK5,P0A825,P0ABK5
P0A825 P0ABY7,P0A825,P0ABY7
P0A825 P0ACJ8,P0A825,P0ACJ8
P0A825 P0AG24,P0A825,P0AG24
P0A825 P0AGF6,P0A825,P0AGF6
P0A825 P22259,P0A825,P22259
P0A825 P25437,P0A825,P25437
P0A825 P28634,P0A825,P28634
P0A825 P30744,P0A825,P30744
P0A825 P31142,P0A825,P31142
P0A825 P31600,P0A825,P31600
P0A825 P75823,P0A825,P75823
P0A825 P77529,P0A825,P77529
P0A828 P0AG24,P0A828,P0AG24
P0A828 P0C054,P0A828,P0C054
P0A832 P36675,P0A832,P36675
P0A836 P0A9A9,P0A836,P0A9A9
P0A836 P0A9E5,P0A836,P0A9E5
P0A836 P0ADY1,P0A836,P0ADY1
P0A836 P0AFG3,P0A836,P0AFG3
P0A836 P22259,P0A836,P22259
P0A836 P69054,P0A836,P69054
P0A847 P0A9A9,P0A847,P0A9A9
P0A847 P0ACC3,P0A847,P0ACC3
P0A847 P0AES0,P0A847,P0AES0
P0A847 P0AGK8,P0A847,P0AGK8
P0A847 P13029,P0A847,P13029
P0A847 P18956,P0A847,P18956
P0A847 P65870,P0A847,P65870
P0A847 P77756,P0A847,P77756
P0A850 P0A853,P0A850,P0A853
P0A850 P0A940,P0A850,P0A940
P0A850 P0AA10,P0A850,P0AA10
P0A850 P0ABH9,P0A850,P0ABH9
P0A850 P0ACV2,P0A850,P0ACV2
P0A850 P0ADN0,P0A850,P0ADN0
P0A850 P0AE08,P0A850,P0AE08
P0A850 P0AG55,P0A850,P0AG55
P0A850 P0AGD7,P0A850,P0AGD7
P0A850 P10121,P0A850,P10121
P0A850 P12758,P0A850,P12758
P0A850 P22188,P0A850,P22188
P0A850 P22259,P0A850,P22259
P0A850 P31473,P0A850,P31473
P0A850 P31658,P0A850,P31658
P0A850 P31680,P0A850,P31680
P0A850 P36659,P0A850,P36659
P0A850 P36928,P0A850,P36928
P0A850 P60422,P0A850,P60422
P0A850 P62399,P0A850,P62399
P0A850 P69913,P0A850,P69913
P0A850 P75745,P0A850,P75745
P0A850 P77319,P0A850,P77319
P0A850 Q59385,P0A850,Q59385
P0A853 P0A858,P0A853,P0A858
P0A853 P0A890,P0A853,P0A890
P0A853 P0A8Z3,P0A853,P0A8Z3
P0A853 P0A910,P0A853,P0A910
P0A853 P0A9D4,P0A853,P0A9D4
P0A853 P0AAV4,P0A853,P0AAV4
P0A853 P0ABA0,P0A853,P0ABA0
P0A853 P0AC41,P0A853,P0AC41
P0A853 P0ACP1,P0A853,P0ACP1
P0A853 P0AD89,P0A853,P0AD89
P0A853 P0AE70,P0A853,P0AE70
P0A853 P0AG24,P0A853,P0AG24
P0A853 P12998,P0A853,P12998
P0A853 P16095,P0A853,P16095
P0A853 P28861,P0A853,P28861
P0A853 P36943,P0A853,P36943
P0A853 P75746,P0A853,P75746
P0A853 P77712,P0A853,P77712
P0A855 P0A912,P0A855,P0A912
P0A855 P0AAX8,P0A855,P0AAX8
P0A855 P0AG24,P0A855,P0AG24
P0A855 P0C0T5,P0A855,P0C0T5
P0A855 P12758,P0A855,P12758
P0A858 P0A8H6,P0A858,P0A8H6
P0A858 P0A915,P0A858,P0A915
P0A858 P0A955,P0A858,P0A955
P0A858 P0A993,P0A858,P0A993
P0A858 P0A9P0,P0A858,P0A9P0
P0A858 P0A9P4,P0A858,P0A9P4
P0A858 P0AB71,P0A858,P0AB71
P0A858 P13482,P0A858,P13482
P0A858 P23843,P0A858,P23843
P0A858 P23847,P0A858,P23847
P0A858 P31660,P0A858,P31660
P0A858 P36938,P0A858,P36938
P0A858 P76461,P0A858,P76461
P0A862 P0A9E2,P0A862,P0A9E2
P0A862 P0ABD3,P0A862,P0ABD3
P0A862 P0AE08,P0A862,P0AE08
P0A862 P0AES9,P0A862,P0AES9
P0A862 P0AGD1,P0A862,P0AGD1
P0A862 P0C0L2,P0A862,P0C0L2
P0A862 P13029,P0A862,P13029
P0A867 P0A991,P0A867,P0A991
P0A867 P0AC53,P0A867,P0AC53
P0A867 P0ACA7,P0A867,P0ACA7
P0A867 P0ADG7,P0A867,P0ADG7
P0A867 P0AG24,P0A867,P0AG24
P0A867 P25553,P0A867,P25553
P0A867 P27302,P0A867,P27302
P0A867 P37647,P0A867,P37647
P0A867 P76014,P0A867,P76014
P0A867 P77735,P0A867,P77735
P0A870 P11071,P0A870,P11071
P0A870 P30750,P0A870,P30750
P0A870 P33025,P0A870,P33025
P0A870 P52697,P0A870,P52697
P0A877 P0A879,P0A877,P0A879
P0A877 P0A881,P0A877,P0A881
P0A877 P0AG30,P0A877,P0AG30
P0A877 P60757,P0A877,P60757
P0A879 P0AD92,P0A879,P0AD92
P0A879 P0C0L2,P0A879,P0C0L2
P0A884 P0AFS3,P0A884,P0AFS3
P0A884 P39371,P0A884,P39371
P0A890 P0A8G3,P0A890,P0A8G3
P0A890 P0A998,P0A890,P0A998
P0A890 P0AG24,P0A890,P0AG24
P0A890 P0C054,P0A890,P0C054
P0A894 P0AG24,P0A894,P0AG24
P0A898 P0A9I8,P0A898,P0A9I8
P0A8C8 P25714,P0A8C8,P25714
P0A8D0 P21499,P0A8D0,P21499
P0A8E7 P0AE72,P0A8E7,P0AE72
P0A8F8 P0A9A6,P0A8F8,P0A9A6
P0A8G0 P24554,P0A8G0,P24554
P0A8G3 P0A8Z3,P0A8G3,P0A8Z3
P0A8G3 P0AA78,P0A8G3,P0AA78
P0A8G3 P0AG24,P0A8G3,P0AG24
P0A8G3 P21156,P0A8G3,P21156
P0A8G3 P38105,P0A8G3,P38105
P0A8G6 P0A9P4,P0A8G6,P0A9P4
P0A8G6 P28861,P0A8G6,P28861
P0A8H6 P0A993,P0A8H6,P0A993
P0A8H6 P0A9Q7,P0A8H6,P0A9Q7
P0A8H6 P0ADF6,P0A8H6,P0ADF6
P0A8H6 P45568,P0A8H6,P45568
P0A8H6 P77488,P0A8H6,P77488
P0A8I1 P0AB89,P0A8I1,P0AB89
P0A8I1 P21513,P0A8I1,P21513
P0A8I3 P0A910,P0A8I3,P0A910
P0A8I3 P0A9M0,P0A8I3,P0A9M0
P0A8I3 P0AAS5,P0A8I3,P0AAS5
P0A8I3 P0ACF0,P0A8I3,P0ACF0
P0A8I3 P0ACF8,P0A8I3,P0ACF8
P0A8I3 P0ACH5,P0A8I3,P0ACH5
P0A8I3 P0ACJ8,P0A8I3,P0ACJ8
P0A8I3 P0AE52,P0A8I3,P0AE52
P0A8I3 P0AEL3,P0A8I3,P0AEL3
P0A8I3 P0AG24,P0A8I3,P0AG24
P0A8I3 P0AGE0,P0A8I3,P0AGE0
P0A8I3 P23873,P0A8I3,P23873
P0A8I3 P23890,P0A8I3,P23890
P0A8I3 P24218,P0A8I3,P24218
P0A8I3 P27245,P0A8I3,P27245
P0A8I3 P27896,P0A8I3,P27896
P0A8I3 P30850,P0A8I3,P30850
P0A8I3 P60757,P0A8I3,P60757
P0A8I3 P68688,P0A8I3,P68688
P0A8I3 P69913,P0A8I3,P69913
P0A8I3 P76187,P0A8I3,P76187
P0A8I5 P0A9A9,P0A8I5,P0A9A9
P0A8I5 P0A9J0,P0A8I5,P0A9J0
P0A8I5 P25745,P0A8I5,P25745
P0A8J8 P21513,P0A8J8,P21513
P0A8J8 P36995,P0A8J8,P36995
P0A8K1 P0ABG1,P0A8K1,P0ABG1
P0A8L1 P22259,P0A8L1,P22259
P0A8M3 P11875,P0A8M3,P11875
P0A8N3 P27305,P0A8N3,P27305
P0A8P1 P18956,P0A8P1,P18956
P0A8Q0 P0A8Q3,P0A8Q0,P0A8Q3
P0A8Q0 P0A9E5,P0A8Q0,P0A9E5
P0A8Q0 P0A9Q7,P0A8Q0,P0A9Q7
P0A8Q0 P0AAF3,P0A8Q0,P0AAF3
P0A8Q0 P0ABI8,P0A8Q0,P0ABI8
P0A8Q0 P0AG24,P0A8Q0,P0AG24
P0A8Q0 P14407,P0A8Q0,P14407
P0A8Q0 P15028,P0A8Q0,P15028
P0A8Q0 P15030,P0A8Q0,P15030
P0A8Q0 P39386,P0A8Q0,P39386
P0A8Q0 P75745,P0A8Q0,P75745
P0A8Q3 P0ABI8,P0A8Q3,P0ABI8
P0A8Q3 P0AC47,P0A8Q3,P0AC47
P0A8Q3 P26459,P0A8Q3,P26459
P0A8Q3 P75745,P0A8Q3,P75745
P0A8S9 P0ACJ8,P0A8S9,P0ACJ8
P0A8S9 P0AEM6,P0A8S9,P0AEM6
P0A8S9 P0CF25,P0A8S9,P0CF25
P0A8S9 P0DMC7,P0A8S9,P0DMC7
P0A8S9 P21513,P0A8S9,P21513
P0A8S9 P30745,P0A8S9,P30745
P0A8S9 P31129,P0A8S9,P31129
P0A8S9 P69434,P0A8S9,P69434
P0A8S9 P69913,P0A8S9,P69913
P0A8S9 P75908,P0A8S9,P75908
P0A8T5 P0AEM6,P0A8T5,P0AEM6
P0A8T5 P25798,P0A8T5,P25798
P0A8T5 P75933,P0A8T5,P75933
P0A8T5 P75937,P0A8T5,P75937
P0A8T7 P0A8V2,P0A8T7,P0A8V2
P0A8T7 P0AG24,P0A8T7,P0AG24
P0A8T7 P80644,P0A8T7,P80644
P0A8V2 P0ABB4,P0A8V2,P0ABB4
P0A8V2 P0AD61,P0A8V2,P0AD61
P0A8V2 P0AD83,P0A8V2,P0AD83
P0A8V2 P0AES6,P0A8V2,P0AES6
P0A8V2 P0AG24,P0A8V2,P0AG24
P0A8V2 P23331,P0A8V2,P23331
P0A8V2 P25888,P0A8V2,P25888
P0A8V2 P76177,P0A8V2,P76177
P0A8V2 P80644,P0A8V2,P80644
P0A8V6 P0AG24,P0A8V6,P0AG24
P0A8V6 P16528,P0A8V6,P16528
P0A8W8 P0A9K9,P0A8W8,P0A9K9
P0A8W8 P68066,P0A8W8,P68066
P0A8X2 P0C0L2,P0A8X2,P0C0L2
P0A8Z3 P0A998,P0A8Z3,P0A998
P0A8Z3 P0A9G6,P0A8Z3,P0A9G6
P0A8Z3 P0A9S3,P0A8Z3,P0A9S3
P0A903 P0A937,P0A903,P0A937
P0A903 P77774,P0A903,P77774
P0A905 P0A917,P0A905,P0A917
P0A905 P0AE06,P0A905,P0AE06
P0A905 P76397,P0A905,P76397
P0A908 P0A9L3,P0A908,P0A9L3
P0A910 P0A912,P0A910,P0A912
P0A910 P0A915,P0A910,P0A915
P0A910 P0A917,P0A910,P0A917
P0A910 P0A935,P0A910,P0A935
P0A910 P0A937,P0A910,P0A937
P0A910 P0A9Q7,P0A910,P0A9Q7
P0A910 P0ABB4,P0A910,P0ABB4
P0A910 P0ABX8,P0A910,P0ABX8
P0A910 P0ACB7,P0A910,P0ACB7
P0A910 P0ACJ8,P0A910,P0ACJ8
P0A910 P0AE08,P0A910,P0AE08
P0A910 P0AEH1,P0A910,P0AEH1
P0A910 P0AEJ4,P0A910,P0AEJ4
P0A910 P0AEU7,P0A910,P0AEU7
P0A910 P0AFX7,P0A910,P0AFX7
P0A910 P22259,P0A910,P22259
P0A910 P27302,P0A910,P27302
P0A910 P45955,P0A910,P45955
P0A910 P46889,P0A910,P46889
P0A910 P69411,P0A910,P69411
P0A910 P69908,P0A910,P69908
P0A910 P77747,P0A910,P77747
P0A910 P77774,P0A910,P77774
P0A912 P0ADG7,P0A912,P0ADG7
P0A912 P45955,P0A912,P45955
P0A915 P68066,P0A915,P68066
P0A917 P0ABS1,P0A917,P0ABS1
P0A917 P0AE06,P0A917,P0AE06
P0A917 P0DPO2,P0A917,P0DPO2
P0A917 P10121,P0A917,P10121
P0A917 P25798,P0A917,P25798
P0A917 P77747,P0A917,P77747
P0A921 P0A9S7,P0A921,P0A9S7
P0A921 P39407,P0A921,P39407
P0A927 P0ABF6,P0A927,P0ABF6
P0A927 P0AEE8,P0A927,P0AEE8
P0A927 P22259,P0A927,P22259
P0A927 P25736,P0A927,P25736
P0A937 P0A940,P0A937,P0A940
P0A937 P0DMC7,P0A937,P0DMC7
P0A937 P0DMC9,P0A937,P0DMC9
P0A937 P69411,P0A937,P69411
P0A940 P0AEU7,P0A940,P0AEU7
P0A940 P0AG48,P0A940,P0AG48
P0A940 P0AG51,P0A940,P0AG51
P0A940 P0AG55,P0A940,P0AG55
P0A940 P0DMC7,P0A940,P0DMC7
P0A940 P60422,P0A940,P60422
P0A940 P60438,P0A940,P60438
P0A940 P61175,P0A940,P61175
P0A940 P62399,P0A940,P62399
P0A940 P69411,P0A940,P69411
P0A940 P76145,P0A940,P76145
P0A940 P77774,P0A940,P77774
P0A948 P0A9J0,P0A948,P0A9J0
P0A951 P0AC53,P0A951,P0AC53
P0A951 P0ACD4,P0A951,P0ACD4
P0A951 P13029,P0A951,P13029
P0A951 P22259,P0A951,P22259
P0A951 P31121,P0A951,P31121
P0A951 P80644,P0A951,P80644
P0A953 P0ABD5,P0A953,P0ABD5
P0A953 P67153,P0A953,P67153
P0A955 P0A9P0,P0A955,P0A9P0
P0A955 P0AD61,P0A955,P0AD61
P0A955 P0ADF6,P0A955,P0ADF6
P0A955 P22259,P0A955,P22259
P0A959 P77434,P0A959,P77434
P0A962 P0A9C5,P0A962,P0A9C5
P0A962 P0AB80,P0A962,P0AB80
P0A964 P0AE67,P0A964,P0AE67
P0A968 P0A972,P0A968,P0A972
P0A968 P45548,P0A968,P45548
P0A972 P60624,P0A972,P60624
P0A972 P62399,P0A972,P62399
P0A978 P21179,P0A978,P21179
P0A988 P0ACB0,P0A988,P0ACB0
P0A988 P16525,P0A988,P16525
P0A988 P20083,P0A988,P20083
P0A991 P0A993,P0A991,P0A993
P0A991 P0A9E5,P0A991,P0A9E5
P0A991 P0AB71,P0A991,P0AB71
P0A991 P0ABH7,P0A991,P0ABH7
P0A991 P0AC33,P0A991,P0AC33
P0A991 P0C8J6,P0A991,P0C8J6
P0A991 P13033,P0A991,P13033
P0A991 P27550,P0A991,P27550
P0A991 P32705,P0A991,P32705
P0A991 P52697,P0A991,P52697
P0A991 P77488,P0A991,P77488
P0A991 P77735,P0A991,P77735
P0A993 P0AB71,P0A993,P0AB71
P0A993 P13033,P0A993,P13033
P0A993 P23538,P0A993,P23538
P0A996 P0A9C0,P0A996,P0A9C0
P0A996 P13033,P0A996,P13033
P0A998 P0AG24,P0A998,P0AG24
P0A998 P0AGD3,P0A998,P0AGD3
P0A9A6 P0ABH0,P0A9A6,P0ABH0
P0A9A6 P77173,P0A9A6,P77173
P0A9A9 P0A9G6,P0A9A9,P0A9G6
P0A9A9 P0A9M0,P0A9A9,P0A9M0
P0A9A9 P0A9P4,P0A9A9,P0A9P4
P0A9A9 P0A9Q7,P0A9A9,P0A9Q7
P0A9A9 P0ABS1,P0A9A9,P0ABS1
P0A9A9 P0ABT5,P0A9A9,P0ABT5
P0A9A9 P0ACJ8,P0A9A9,P0ACJ8
P0A9A9 P0AE08,P0A9A9,P0AE08
P0A9A9 P0AEC0,P0A9A9,P0AEC0
P0A9A9 P0AED9,P0A9A9,P0AED9
P0A9A9 P0AG24,P0A9A9,P0AG24
P0A9A9 P0AGD3,P0A9A9,P0AGD3
P0A9A9 P0AGE9,P0A9A9,P0AGE9
P0A9A9 P0CI31,P0A9A9,P0CI31
P0A9A9 P13029,P0A9A9,P13029
P0A9A9 P17444,P0A9A9,P17444
P0A9A9 P21179,P0A9A9,P21179
P0A9A9 P21499,P0A9A9,P21499
P0A9A9 P22259,P0A9A9,P22259
P0A9A9 P23484,P0A9A9,P23484
P0A9A9 P25745,P0A9A9,P25745
P0A9A9 P37197,P0A9A9,P37197
P0A9A9 P69910,P0A9A9,P69910
P0A9A9 P77756,P0A9A9,P77756
P0A9A9 Q46927,P0A9A9,Q46927
P0A9B2 P0A9P0,P0A9B2,P0A9P0
P0A9B2 P0A9T0,P0A9B2,P0A9T0
P0A9B2 P0ACJ8,P0A9B2,P0ACJ8
P0A9B2 P0AD61,P0A9B2,P0AD61
P0A9B2 P0CE47,P0A9B2,P0CE47
P0A9B6 P77488,P0A9B6,P77488
P0A9C0 P0A9I8,P0A9C0,P0A9I8
P0A9C0 P13033,P0A9C0,P13033
P0A9C5 P0AAF1,P0A9C5,P0AAF1
P0A9C5 P0AB80,P0A9C5,P0AB80
P0A9C5 P0AC55,P0A9C5,P0AC55
P0A9C5 P22259,P0A9C5,P22259
P0A9C5 P69681,P0A9C5,P69681
P0A9D2 P23003,P0A9D2,P23003
P0A9D4 P0A9T0,P0A9D4,P0A9T0
P0A9D4 P0ABK5,P0A9D4,P0ABK5
P0A9D4 P16095,P0A9D4,P16095
P0A9E0 P0ADV9,P0A9E0,P0ADV9
P0A9E2 P0ACD4,P0A9E2,P0ACD4
P0A9E2 P0ACS2,P0A9E2,P0ACS2
P0A9E2 P0ADE8,P0A9E2,P0ADE8
P0A9E2 P0AE06,P0A9E2,P0AE06
P0A9E2 P0AG20,P0A9E2,P0AG20
P0A9E2 P21179,P0A9E2,P21179
P0A9E2 P31224,P0A9E2,P31224
P0A9E2 P77717,P0A9E2,P77717
P0A9E5 P0A9M8,P0A9E5,P0A9M8
P0A9E5 P0A9Q1,P0A9E5,P0A9Q1
P0A9E5 P0A9U6,P0A9E5,P0A9U6
P0A9E5 P0AB83,P0A9E5,P0AB83
P0A9E5 P0ABH7,P0A9E5,P0ABH7
P0A9E5 P0ABK2,P0A9E5,P0ABK2
P0A9E5 P0AC33,P0A9E5,P0AC33
P0A9E5 P0AC47,P0A9E5,P0AC47
P0A9E5 P0ACF8,P0A9E5,P0ACF8
P0A9E5 P0AG24,P0A9E5,P0AG24
P0A9E5 P32669,P0A9E5,P32669
P0A9E5 P37351,P0A9E5,P37351
P0A9E5 P77488,P0A9E5,P77488
P0A9E5 P77735,P0A9E5,P77735
P0A9F3 P52644,P0A9F3,P52644
P0A9F3 P77529,P0A9F3,P77529
P0A9G2 P31129,P0A9G2,P31129
P0A9G2 P37440,P0A9G2,P37440
P0A9G2 P69434,P0A9G2,P69434
P0A9G6 P0AB18,P0A9G6,P0AB18
P0A9G6 P0AG24,P0A9G6,P0AG24
P0A9G6 P0AGE9,P0A9G6,P0AGE9
P0A9G6 P22259,P0A9G6,P22259
P0A9G6 P23847,P0A9G6,P23847
P0A9G6 P27550,P0A9G6,P27550
P0A9G6 P37330,P0A9G6,P37330
P0A9G6 P61889,P0A9G6,P61889
P0A9G6 P75746,P0A9G6,P75746
P0A9G6 P75796,P0A9G6,P75796
P0A9G6 P80644,P0A9G6,P80644
P0A9H3 P0AAE8,P0A9H3,P0AAE8
P0A9H3 P22259,P0A9H3,P22259
P0A9H3 P23890,P0A9H3,P23890
P0A9H3 P31473,P0A9H3,P31473
P0A9H7 P64578,P0A9H7,P64578
P0A9H9 P0AET2,P0A9H9,P0AET2
P0A9I8 P0AB83,P0A9I8,P0AB83
P0A9I8 P0AC55,P0A9I8,P0AC55
P0A9I8 P15977,P0A9I8,P15977
P0A9I8 P23482,P0A9I8,P23482
P0A9I8 P39406,P0A9I8,P39406
P0A9I8 P69924,P0A9I8,P69924
P0A9I8 P77329,P0A9I8,P77329
P0A9I8 P77416,P0A9I8,P77416
P0A9I8 P77690,P0A9I8,P77690
P0A9J0 P28634,P0A9J0,P28634
P0A9J0 P30850,P0A9J0,P30850
P0A9J8 P0AG24,P0A9J8,P0AG24
P0A9J8 P22259,P0A9J8,P22259
P0A9J8 P24174,P0A9J8,P24174
P0A9K1 P0A9K3,P0A9K1,P0A9K3
P0A9K1 P0A9K7,P0A9K1,P0A9K7
P0A9K1 P0AAH0,P0A9K1,P0AAH0
P0A9K1 P22259,P0A9K1,P22259
P0A9K7 P0AAH0,P0A9K7,P0AAH0
P0A9K9 P0A9L5,P0A9K9,P0A9L5
P0A9K9 P0AE72,P0A9K9,P0AE72
P0A9K9 P0C054,P0A9K9,P0C054
P0A9K9 P0C058,P0A9K9,P0C058
P0A9K9 P31660,P0A9K9,P31660
P0A9K9 P36930,P0A9K9,P36930
P0A9K9 P60955,P0A9K9,P60955
P0A9K9 P68066,P0A9K9,P68066
P0A9K9 Q46908,P0A9K9,Q46908
P0A9L3 P0A9L5,P0A9L3,P0A9L5
P0A9L3 P0C058,P0A9L3,P0C058
P0A9L3 P23869,P0A9L3,P23869
P0A9L3 P77395,P0A9L3,P77395
P0A9M0 P0A9P4,P0A9M0,P0A9P4
P0A9M0 P0ABQ4,P0A9M0,P0ABQ4
P0A9M0 P0ACF4,P0A9M0,P0ACF4
P0A9M0 P0AE08,P0A9M0,P0AE08
P0A9M0 P0AE70,P0A9M0,P0AE70
P0A9M0 P0AEC8,P0A9M0,P0AEC8
P0A9M0 P0AEX9,P0A9M0,P0AEX9
P0A9M0 P0AF18,P0A9M0,P0AF18
P0A9M0 P0AGB6,P0A9M0,P0AGB6
P0A9M0 P0C054,P0A9M0,P0C054
P0A9M0 P10384,P0A9M0,P10384
P0A9M0 P10408,P0A9M0,P10408
P0A9M0 P12999,P0A9M0,P12999
P0A9M0 P21151,P0A9M0,P21151
P0A9M0 P21156,P0A9M0,P21156
P0A9M0 P21513,P0A9M0,P21513
P0A9M0 P24174,P0A9M0,P24174
P0A9M0 P25736,P0A9M0,P25736
P0A9M0 P35340,P0A9M0,P35340
P0A9M0 P39286,P0A9M0,P39286
P0A9M0 P63284,P0A9M0,P63284
P0A9M0 P76213,P0A9M0,P76213
P0A9M0 P77712,P0A9M0,P77712
P0A9M0 Q47146,P0A9M0,Q47146
P0A9M8 P0A9Q1,P0A9M8,P0A9Q1
P0A9M8 P0AB65,P0A9M8,P0AB65
P0A9M8 P0AB83,P0A9M8,P0AB83
P0A9M8 P0AC53,P0A9M8,P0AC53
P0A9M8 P0AC98,P0A9M8,P0AC98
P0A9M8 P0AEN1,P0A9M8,P0AEN1
P0A9M8 P0AF54,P0A9M8,P0AF54
P0A9M8 P0AFH2,P0A9M8,P0AFH2
P0A9M8 P0AFK6,P0A9M8,P0AFK6
P0A9M8 P0AG80,P0A9M8,P0AG80
P0A9M8 P11551,P0A9M8,P11551
P0A9M8 P13445,P0A9M8,P13445
P0A9M8 P16528,P0A9M8,P16528
P0A9M8 P28861,P0A9M8,P28861
P0A9M8 P32705,P0A9M8,P32705
P0A9M8 P42632,P0A9M8,P42632
P0A9M8 P50466,P0A9M8,P50466
P0A9M8 P52643,P0A9M8,P52643
P0A9M8 P69503,P0A9M8,P69503
P0A9M8 P75960,P0A9M8,P75960
P0A9M8 P76594,P0A9M8,P76594
P0A9N0 P37177,P0A9N0,P37177
P0A9N0 P69829,P0A9N0,P69829
P0A9P0 P0ABB0,P0A9P0,P0ABB0
P0A9P0 P0ACL9,P0A9P0,P0ACL9
P0A9P0 P0AFG3,P0A9P0,P0AFG3
P0A9P0 P0AFG6,P0A9P0,P0AFG6
P0A9P0 P0AFG8,P0A9P0,P0AFG8
P0A9P0 P0AG24,P0A9P0,P0AG24
P0A9P0 P33599,P0A9P0,P33599
P0A9P4 P0AA25,P0A9P4,P0AA25
P0A9P4 P0AAI9,P0A9P4,P0AAI9
P0A9P4 P0ACQ4,P0A9P4,P0ACQ4
P0A9P4 P0AE52,P0A9P4,P0AE52
P0A9P4 P0AGG4,P0A9P4,P0AGG4
P0A9P4 P0C8J6,P0A9P4,P0C8J6
P0A9P4 P13738,P0A9P4,P13738
P0A9P4 P28861,P0A9P4,P28861
P0A9P4 P32170,P0A9P4,P32170
P0A9P6 P0DTT0,P0A9P6,P0DTT0
P0A9P6 P21499,P0A9P6,P21499
P0A9P6 P76037,P0A9P6,P76037
P0A9Q1 P0A9U6,P0A9Q1,P0A9U6
P0A9Q1 P0AB83,P0A9Q1,P0AB83
P0A9Q1 P0ABH7,P0A9Q1,P0ABH7
P0A9Q1 P0AC33,P0A9Q1,P0AC33
P0A9Q1 P0ACS2,P0A9Q1,P0ACS2
P0A9Q1 P0ADF8,P0A9Q1,P0ADF8
P0A9Q1 P0AG24,P0A9Q1,P0AG24
P0A9Q1 P22259,P0A9Q1,P22259
P0A9Q1 P27550,P0A9Q1,P27550
P0A9Q1 P32705,P0A9Q1,P32705
P0A9Q1 P38135,P0A9Q1,P38135
P0A9Q1 P76594,P0A9Q1,P76594
P0A9Q5 P0ABD5,P0A9Q5,P0ABD5
P0A9Q7 P0A9V8,P0A9Q7,P0A9V8
P0A9Q7 P0AC47,P0A9Q7,P0AC47
P0A9Q7 P13669,P0A9Q7,P13669
P0A9Q7 P22259,P0A9Q7,P22259
P0A9Q7 P37351,P0A9Q7,P37351
P0A9Q7 P37387,P0A9Q7,P37387
P0A9Q7 P38135,P0A9Q7,P38135
P0A9Q7 P50466,P0A9Q7,P50466
P0A9Q7 P52643,P0A9Q7,P52643
P0A9Q7 P75745,P0A9Q7,P75745
P0A9Q7 P77791,P0A9Q7,P77791
P0A9Q9 P0AF98,P0A9Q9,P0AF98
P0A9Q9 P0AG40,P0A9Q9,P0AG40
P0A9R7 P0A9S7,P0A9R7,P0A9S7
P0A9S3 P0AAR3,P0A9S3,P0AAR3
P0A9S3 P0AB18,P0A9S3,P0AB18
P0A9S3 P0AB83,P0A9S3,P0AB83
P0A9S3 P0AG24,P0A9S3,P0AG24
P0A9S7 P39407,P0A9S7,P39407
P0A9T0 P16095,P0A9T0,P16095
P0A9T0 P23721,P0A9T0,P23721
P0A9T0 P23847,P0A9T0,P23847
P0A9T0 P77690,P0A9T0,P77690
P0A9T4 P0ABS1,P0A9T4,P0ABS1
P0A9T4 P0AG24,P0A9T4,P0AG24
P0A9T4 P13445,P0A9T4,P13445
P0A9T4 P13482,P0A9T4,P13482
P0A9T4 P37177,P0A9T4,P37177
P0A9T4 P42632,P0A9T4,P42632
P0A9T4 P67127,P0A9T4,P67127
P0A9V8 P0AC13,P0A9V8,P0AC13
P0A9V8 P28861,P0A9V8,P28861
P0A9V8 Q93K97,P0A9V8,Q93K97
P0A9W0 P39300,P0A9W0,P39300
P0A9W0 P39301,P0A9W0,P39301
P0A9W3 P31057,P0A9W3,P31057
P0A9W3 P31663,P0A9W3,P31663
P0A9X9 P0ACF8,P0A9X9,P0ACF8
P0A9X9 P0AG20,P0A9X9,P0AG20
P0A9X9 P21338,P0A9X9,P21338
P0A9Y6 P0ADY1,P0A9Y6,P0ADY1
P0A9Y6 P13445,P0A9Y6,P13445
P0AA04 P0ACJ8,P0AA04,P0ACJ8
P0AA04 P69783,P0AA04,P69783
P0AA10 P0AG48,P0AA10,P0AG48
P0AA10 P60422,P0AA10,P60422
P0AA10 P60438,P0AA10,P60438
P0AA10 P61175,P0AA10,P61175
P0AA16 P0AE82,P0AA16,P0AE82
P0AA16 P0AEC5,P0AA16,P0AEC5
P0AA16 P0AEJ4,P0AA16,P0AEJ4
P0AA16 P0DMC5,P0AA16,P0DMC5
P0AA16 P0DMC7,P0AA16,P0DMC7
P0AA16 P13445,P0AA16,P13445
P0AA16 P27896,P0AA16,P27896
P0AA25 P0AE52,P0AA25,P0AE52
P0AA25 P13445,P0AA25,P13445
P0AA39 P0AB83,P0AA39,P0AB83
P0AA39 P21499,P0AA39,P21499
P0AA39 P32684,P0AA39,P32684
P0AA43 P60390,P0AA43,P60390
P0AA53 P0ABC3,P0AA53,P0ABC3
P0AA78 P22256,P0AA78,P22256
P0AAA5 P24174,P0AAA5,P24174
P0AAB2 P76387,P0AAB2,P76387
P0AAB8 P0AAC0,P0AAB8,P0AAC0
P0AAB8 P46888,P0AAB8,P46888
P0AAC0 P31658,P0AAC0,P31658
P0AAC0 P46888,P0AAC0,P46888
P0AAD8 P0AEU0,P0AAD8,P0AEU0
P0AAD8 P25737,P0AAD8,P25737
P0AAE8 P23890,P0AAE8,P23890
P0AAF3 P0AC47,P0AAF3,P0AC47
P0AAF3 P0AE26,P0AAF3,P0AE26
P0AAF3 P0AEX9,P0AAF3,P0AEX9
P0AAF3 P0AG24,P0AAF3,P0AG24
P0AAF3 P22259,P0AAF3,P22259
P0AAF3 P38105,P0AAF3,P38105
P0AAH0 P0ABI4,P0AAH0,P0ABI4
P0AAH0 P0AG82,P0AAH0,P0AG82
P0AAH0 P22259,P0AAH0,P22259
P0AAI3 P0ABH9,P0AAI3,P0ABH9
P0AAI3 P69874,P0AAI3,P69874
P0AAJ1 P18775,P0AAJ1,P18775
P0AAJ1 P18776,P0AAJ1,P18776
P0AAJ1 P64463,P0AAJ1,P64463
P0AAJ1 P77783,P0AAJ1,P77783
P0AAK7 P32709,P0AAK7,P32709
P0AAR3 P0AB18,P0AAR3,P0AB18
P0AAV4 P0AG24,P0AAV4,P0AG24
P0AAV4 P22259,P0AAV4,P22259
P0AAV4 P28861,P0AAV4,P28861
P0AAX3 P0AF82,P0AAX3,P0AF82
P0AAX8 P26648,P0AAX8,P26648
P0AB18 P0AB83,P0AB18,P0AB83
P0AB38 P0AG82,P0AB38,P0AG82
P0AB58 P76578,P0AB58,P76578
P0AB83 P0AC13,P0AB83,P0AC13
P0AB83 P0AE72,P0AB83,P0AE72
P0AB83 P13738,P0AB83,P13738
P0AB83 P22259,P0AB83,P22259
P0AB83 P28861,P0AB83,P28861
P0AB83 P31678,P0AB83,P31678
P0AB83 P75726,P0AB83,P75726
P0AB83 P75960,P0AB83,P75960
P0AB83 P77243,P0AB83,P77243
P0ABA4 P17315,P0ABA4,P17315
P0ABB0 P0AD61,P0ABB0,P0AD61
P0ABB0 P21367,P0ABB0,P21367
P0ABC3 P0ABC7,P0ABC3,P0ABC7
P0ABC7 P0ABH9,P0ABC7,P0ABH9
P0ABC7 P0ABJ1,P0ABC7,P0ABJ1
P0ABC7 P22259,P0ABC7,P22259
P0ABE5 P76503,P0ABE5,P76503
P0ABE5 P77334,P0ABE5,P77334
P0ABG1 P26647,P0ABG1,P26647
P0ABG1 P36675,P0ABG1,P36675
P0ABH0 P0AFI2,P0ABH0,P0AFI2
P0ABH0 P18196,P0ABH0,P18196
P0ABH0 P77173,P0ABH0,P77173
P0ABH7 P0AFG6,P0ABH7,P0AFG6
P0ABH7 P25516,P0ABH7,P25516
P0ABH9 P0AD49,P0ABH9,P0AD49
P0ABH9 P0C054,P0ABH9,P0C054
P0ABI8 P0ABJ1,P0ABI8,P0ABJ1
P0ABI8 P0ABJ9,P0ABI8,P0ABJ9
P0ABI8 P0AG24,P0ABI8,P0AG24
P0ABI8 P22259,P0ABI8,P22259
P0ABI8 P23845,P0ABI8,P23845
P0ABI8 P75745,P0ABI8,P75745
P0ABI8 P77444,P0ABI8,P77444
P0ABJ1 P0ABJ9,P0ABJ1,P0ABJ9
P0ABJ1 P0AD49,P0ABJ1,P0AD49
P0ABJ1 P0AE82,P0ABJ1,P0AE82
P0ABJ1 P0AG24,P0ABJ1,P0AG24
P0ABJ1 P22259,P0ABJ1,P22259
P0ABJ1 P23845,P0ABJ1,P23845
P0ABJ1 P28861,P0ABJ1,P28861
P0ABJ1 P68767,P0ABJ1,P68767
P0ABJ9 P0ABK2,P0ABJ9,P0ABK2
P0ABJ9 P26458,P0ABJ9,P26458
P0ABJ9 P32669,P0ABJ9,P32669
P0ABJ9 P37351,P0ABJ9,P37351
P0ABK2 P0AG24,P0ABK2,P0AG24
P0ABK2 P26458,P0ABK2,P26458
P0ABK2 P32669,P0ABK2,P32669
P0ABK2 P37351,P0ABK2,P37351
P0ABN9 P14407,P0ABN9,P14407
P0ABP8 P0ACK5,P0ABP8,P0ACK5
P0ABQ4 P0AFS3,P0ABQ4,P0AFS3
P0ABQ4 P75967,P0ABQ4,P75967
P0ABS5 P0AEF0,P0ABS5,P0AEF0
P0ABS5 P0AG24,P0ABS5,P0AG24
P0ABS5 P15042,P0ABS5,P15042
P0ABT2 P0ACQ4,P0ABT2,P0ACQ4
P0ABT2 P0C0L2,P0ABT2,P0C0L2
P0ABT2 P37440,P0ABT2,P37440
P0ABT5 P33371,P0ABT5,P33371
P0ABT5 P60340,P0ABT5,P60340
P0ABU5 P0AD57,P0ABU5,P0AD57
P0ABV2 P0AEX3,P0ABV2,P0AEX3
P0ABX8 P25798,P0ABX8,P25798
P0ABZ6 P0AEU7,P0ABZ6,P0AEU7
P0ABZ6 P0C0V0,P0ABZ6,P0C0V0
P0AC30 P22259,P0AC30,P22259
P0AC33 P22259,P0AC33,P22259
P0AC33 P36683,P0AC33,P36683
P0AC38 P77690,P0AC38,P77690
P0AC41 P0AC44,P0AC41,P0AC44
P0AC41 P69054,P0AC41,P69054
P0AC44 P69054,P0AC44,P69054
P0AC47 P0AG24,P0AC47,P0AG24
P0AC47 P75745,P0AC47,P75745
P0AC53 P0AE72,P0AC53,P0AE72
P0AC53 P22259,P0AC53,P22259
P0AC53 P33570,P0AC53,P33570
P0AC53 P75726,P0AC53,P75726
P0AC55 P69681,P0AC55,P69681
P0AC55 P75691,P0AC55,P75691
P0ACB0 P45423,P0ACB0,P45423
P0ACF8 P0ACJ8,P0ACF8,P0ACJ8
P0ACJ8 P0ACP1,P0ACJ8,P0ACP1
P0ACJ8 P0AER0,P0ACJ8,P0AER0
P0ACJ8 P0AG24,P0ACJ8,P0AG24
P0ACJ8 P0AGF4,P0ACJ8,P0AGF4
P0ACJ8 P13035,P0ACJ8,P13035
P0ACJ8 P13445,P0ACJ8,P13445
P0ACJ8 P22259,P0ACJ8,P22259
P0ACJ8 P27550,P0ACJ8,P27550
P0ACJ8 P31460,P0ACJ8,P31460
P0ACJ8 P31600,P0ACJ8,P31600
P0ACJ8 P69786,P0ACJ8,P69786
P0ACJ8 P76594,P0ACJ8,P76594
P0ACK8 P0AGK8,P0ACK8,P0AGK8
P0ACP1 P0AD61,P0ACP1,P0AD61
P0ACQ0 P0AFX4,P0ACQ0,P0AFX4
P0ACQ4 P0ACS2,P0ACQ4,P0ACS2
P0ACQ4 P0AE08,P0ACQ4,P0AE08
P0ACQ4 P0AG24,P0ACQ4,P0AG24
P0ACQ4 P13029,P0ACQ4,P13029
P0ACQ4 P24230,P0ACQ4,P24230
P0ACQ4 P35340,P0ACQ4,P35340
P0ACQ4 P39180,P0ACQ4,P39180
P0ACS5 P23003,P0ACS5,P23003
P0ACS5 P36675,P0ACS5,P36675
P0ACS7 P0AEM4,P0ACS7,P0AEM4
P0ACS7 P23827,P0ACS7,P23827
P0ACS9 P0ACT2,P0ACS9,P0ACT2
P0ACS9 P0ACU2,P0ACS9,P0ACU2
P0ACS9 P0C093,P0ACS9,P0C093
P0ACS9 P67430,P0ACS9,P67430
P0ACT2 P0ACU0,P0ACT2,P0ACU0
P0ACT2 P0C093,P0ACT2,P0C093
P0ACT2 P67430,P0ACT2,P67430
P0ACU0 P0ACU5,P0ACU0,P0ACU5
P0ACU2 P0ACU5,P0ACU2,P0ACU5
P0ACU2 P15877,P0ACU2,P15877
P0ACU2 P37590,P0ACU2,P37590
P0ACU2 P67430,P0ACU2,P67430
P0ACU5 P0C093,P0ACU5,P0C093
P0ACU5 P67430,P0ACU5,P67430
P0ACU7 P67430,P0ACU7,P67430
P0ACV4 P76578,P0ACV4,P76578
P0AD49 P0AE82,P0AD49,P0AE82
P0AD49 P0AE85,P0AD49,P0AE85
P0AD49 P0AG24,P0AD49,P0AG24
P0AD61 P22259,P0AD61,P22259
P0ADA1 P0AEM9,P0ADA1,P0AEM9
P0ADA1 P0AEN8,P0ADA1,P0AEN8
P0ADB4 P0ADB7,P0ADB4,P0ADB7
P0ADC3 P75957,P0ADC3,P75957
P0ADN0 P22259,P0ADN0,P22259
P0ADN0 P31473,P0ADN0,P31473
P0ADV7 P0AEE5,P0ADV7,P0AEE5
P0ADV7 P0AEQ3,P0ADV7,P0AEQ3
P0ADY1 P21693,P0ADY1,P21693
P0ADY1 P27296,P0ADY1,P27296
P0ADY7 P61175,P0ADY7,P61175
P0ADZ4 P37642,P0ADZ4,P37642
P0ADZ7 P0AG90,P0ADZ7,P0AG90
P0ADZ7 P25714,P0ADZ7,P25714
P0AE06 P0AEX3,P0AE06,P0AEX3
P0AE06 P31224,P0AE06,P31224
P0AE08 P13029,P0AE08,P13029
P0AE08 P35340,P0AE08,P35340
P0AE37 P13738,P0AE37,P13738
P0AE70 P0AE72,P0AE70,P0AE72
P0AE70 P0AG20,P0AE70,P0AG20
P0AE70 P25736,P0AE70,P25736
P0AE72 P0AG20,P0AE72,P0AG20
P0AE72 P22259,P0AE72,P22259
P0AE82 P0AE85,P0AE82,P0AE85
P0AE82 P0AFM6,P0AE82,P0AFM6
P0AE82 P0AFN2,P0AE82,P0AFN2
P0AE85 P0AEE3,P0AE85,P0AEE3
P0AE91 P0AEM4,P0AE91,P0AEM4
P0AE91 P23827,P0AE91,P23827
P0AEC8 P0C054,P0AEC8,P0C054
P0AEC8 P63284,P0AEC8,P63284
P0AEE3 P0AFM6,P0AEE3,P0AFM6
P0AEE3 P0AFN2,P0AEE3,P0AFN2
P0AEE5 P0AEQ3,P0AEE5,P0AEQ3
P0AEE8 P0AG24,P0AEE8,P0AG24
P0AEG4 P0AEG6,P0AEG4,P0AEG6
P0AEG6 P0AEN8,P0AEG6,P0AEN8
P0AEL6 P0AEX3,P0AEL6,P0AEX3
P0AEM4 P23827,P0AEM4,P23827
P0AEM4 P23857,P0AEM4,P23857
P0AEM9 P37387,P0AEM9,P37387
P0AEN1 P13738,P0AEN1,P13738
P0AEN1 P22259,P0AEN1,P22259
P0AEN4 P76578,P0AEN4,P76578
P0AEN4 P77712,P0AEN4,P77712
P0AEN4 Q47146,P0AEN4,Q47146
P0AEP1 P0AG24,P0AEP1,P0AG24
P0AEQ3 P0AEQ6,P0AEQ3,P0AEQ6
P0AES4 P13738,P0AES4,P13738
P0AES9 P0AET2,P0AES9,P0AET2
P0AES9 P68066,P0AES9,P68066
P0AET5 P0AFV2,P0AET5,P0AFV2
P0AEU7 P0AFX7,P0AEU7,P0AFX7
P0AEU7 P0C0V0,P0AEU7,P0C0V0
P0AEW4 P0AG18,P0AEW4,P0AG18
P0AEW9 P20966,P0AEW9,P20966
P0AEX3 P0AFK4,P0AEX3,P0AFK4
P0AEX9 P0AFM2,P0AEX9,P0AFM2
P0AEX9 P22259,P0AEX9,P22259
P0AEX9 P39325,P0AEX9,P39325
P0AEZ3 P18196,P0AEZ3,P18196
P0AF54 P38135,P0AF54,P38135
P0AFB1 P0AFS9,P0AFB1,P0AFS9
P0AFB1 P0AFV4,P0AFB1,P0AFV4
P0AFB1 P0AG82,P0AFB1,P0AG82
P0AFC3 P31979,P0AFC3,P31979
P0AFC3 P33602,P0AFC3,P33602
P0AFC7 P0AFD1,P0AFC7,P0AFD1
P0AFC7 P0AFD4,P0AFC7,P0AFD4
P0AFC7 P0AFD6,P0AFC7,P0AFD6
P0AFC7 P28861,P0AFC7,P28861
P0AFC7 P31979,P0AFC7,P31979
P0AFC7 P33599,P0AFC7,P33599
P0AFC7 P33602,P0AFC7,P33602
P0AFC7 P33607,P0AFC7,P33607
P0AFD1 P31979,P0AFD1,P31979
P0AFD1 P33599,P0AFD1,P33599
P0AFD1 P33602,P0AFD1,P33602
P0AFD1 P33607,P0AFD1,P33607
P0AFD4 P0AFD6,P0AFD4,P0AFD6
P0AFD4 P0AFE0,P0AFD4,P0AFE0
P0AFD4 P0AFE8,P0AFD4,P0AFE8
P0AFD4 P33602,P0AFD4,P33602
P0AFD6 P0AFE8,P0AFD6,P0AFE8
P0AFD6 P31979,P0AFD6,P31979
P0AFD6 P33599,P0AFD6,P33599
P0AFD6 P33602,P0AFD6,P33602
P0AFD6 P33607,P0AFD6,P33607
P0AFE0 P0AFE4,P0AFE0,P0AFE4
P0AFE0 P0AFF0,P0AFE0,P0AFF0
P0AFE0 P33602,P0AFE0,P33602
P0AFE0 P33607,P0AFE0,P33607
P0AFE4 P0AFF0,P0AFE4,P0AFF0
P0AFE4 P0C960,P0AFE4,P0C960
P0AFE4 P31979,P0AFE4,P31979
P0AFE4 P33602,P0AFE4,P33602
P0AFE4 P33607,P0AFE4,P33607
P0AFE8 P33599,P0AFE8,P33599
P0AFE8 P33602,P0AFE8,P33602
P0AFE8 P33607,P0AFE8,P33607
P0AFF0 P31979,P0AFF0,P31979
P0AFF0 P33602,P0AFF0,P33602
P0AFF0 P33607,P0AFF0,P33607
P0AFG3 P0AFG6,P0AFG3,P0AFG6
P0AFG8 P0AG24,P0AFG8,P0AG24
P0AFH2 P23843,P0AFH2,P23843
P0AFH6 P0AFM2,P0AFH6,P0AFM2
P0AFI2 P20083,P0AFI2,P20083
P0AFI2 P23836,P0AFI2,P23836
P0AFI2 P46889,P0AFI2,P46889
P0AFI5 P0C960,P0AFI5,P0C960
P0AFI5 P31142,P0AFI5,P31142
P0AFJ7 P68767,P0AFJ7,P68767
P0AFK4 P0AFK6,P0AFK4,P0AFK6
P0AFK4 P0AFK9,P0AFK4,P0AFK9
P0AFK6 P0AFK9,P0AFK6,P0AFK9
P0AFK6 P69874,P0AFK6,P69874
P0AFK9 P0AFM2,P0AFK9,P0AFM2
P0AFK9 P0AG24,P0AFK9,P0AG24
P0AFK9 P15028,P0AFK9,P15028
P0AFK9 P69874,P0AFK9,P69874
P0AFL3 P0AG18,P0AFL3,P0AG18
P0AFL3 P23869,P0AFL3,P23869
P0AFM2 P0AG24,P0AFM2,P0AG24
P0AFM6 P0AFN2,P0AFM6,P0AFN2
P0AFS3 P15639,P0AFS3,P15639
P0AFS3 P22259,P0AFS3,P22259
P0AFS3 P25437,P0AFS3,P25437
P0AFS3 P80644,P0AFS3,P80644
P0AFV4 P0C960,P0AFV4,P0C960
P0AFW2 P0AG24,P0AFW2,P0AG24
P0AFX4 P0AGK8,P0AFX4,P0AGK8
P0AFX7 P23857,P0AFX7,P23857
P0AG18 P15639,P0AG18,P15639
P0AG20 P0AG24,P0AG20,P0AG24
P0AG20 P0AG30,P0AG20,P0AG30
P0AG20 P0AGJ2,P0AG20,P0AGJ2
P0AG20 P69913,P0AG20,P69913
P0AG24 P0AGD7,P0AG24,P0AGD7
P0AG24 P0AGJ2,P0AG24,P0AGJ2
P0AG24 P10408,P0AG24,P10408
P0AG24 P12758,P0AG24,P12758
P0AG24 P13445,P0AG24,P13445
P0AG24 P14407,P0AG24,P14407
P0AG24 P15639,P0AG24,P15639
P0AG24 P15640,P0AG24,P15640
P0AG24 P19642,P0AG24,P19642
P0AG24 P22259,P0AG24,P22259
P0AG24 P25437,P0AG24,P25437
P0AG24 P26458,P0AG24,P26458
P0AG24 P26459,P0AG24,P26459
P0AG24 P27550,P0AG24,P27550
P0AG24 P31142,P0AG24,P31142
P0AG24 P31545,P0AG24,P31545
P0AG24 P32705,P0AG24,P32705
P0AG24 P33570,P0AG24,P33570
P0AG24 P35340,P0AG24,P35340
P0AG24 P42641,P0AG24,P42641
P0AG24 P52062,P0AG24,P52062
P0AG24 P76002,P0AG24,P76002
P0AG24 P76578,P0AG24,P76578
P0AG24 P77499,P0AG24,P77499
P0AG24 P80644,P0AG24,P80644
P0AG30 P24218,P0AG30,P24218
P0AG51 P68191,P0AG51,P68191
P0AG82 P27434,P0AG82,P27434
P0AG82 P31142,P0AG82,P31142
P0AG90 P0AG93,P0AG90,P0AG93
P0AG90 P25714,P0AG90,P25714
P0AGD3 P28861,P0AGD3,P28861
P0AGD3 P69910,P0AGD3,P69910
P0AGD3 P77454,P0AGD3,P77454
P0AGD7 P10121,P0AGD7,P10121
P0AGE9 P61889,P0AGE9,P61889
P0AGF6 P30744,P0AGF6,P30744
P0AGF6 P77529,P0AGF6,P77529
P0AGG4 P39180,P0AGG4,P39180
P0AGG4 P77202,P0AGG4,P77202
P0AGJ2 P10121,P0AGJ2,P10121
P0AGJ2 P24174,P0AGJ2,P24174
P0AGL7 P39406,P0AGL7,P39406
P0C054 P0C058,P0C054,P0C058
P0C054 P22259,P0C054,P22259
P0C054 P36928,P0C054,P36928
P0C054 P63284,P0C054,P63284
P0C058 P31680,P0C058,P31680
P0C058 P36928,P0C058,P36928
P0C058 P68066,P0C058,P68066
P0C093 P67430,P0C093,P67430
P0C0L7 P0C0S1,P0C0L7,P0C0S1
P0C0L7 P10408,P0C0L7,P10408
P0C0L7 P37440,P0C0L7,P37440
P0C0S1 P10408,P0C0S1,P10408
P0C0S1 P14175,P0C0S1,P14175
P0C0T5 P26648,P0C0T5,P26648
P0C0V0 P68066,P0C0V0,P68066
P0C960 P28861,P0C960,P28861
P0CE47 P0CE48,P0CE47,P0CE48
P0DPN6 P0DPO2,P0DPN6,P0DPO2
P0DTT0 P21499,P0DTT0,P21499
P10371 P69503,P10371,P69503
P10384 P10408,P10384,P10408
P10408 P22259,P10408,P22259
P11454 P13039,P11454,P13039
P11454 P15254,P11454,P15254
P11454 P19925,P11454,P19925
P11880 P14900,P11880,P14900
P11880 P17952,P11880,P17952
P12281 P12282,P12281,P12282
P12758 P17443,P12758,P17443
P13029 P21179,P13029,P21179
P13029 P24230,P13029,P24230
P13039 P19925,P13039,P19925
P13445 P21156,P13445,P21156
P13445 P21179,P13445,P21179
P13445 P27550,P13445,P27550
P13458 P17846,P13458,P17846
P13458 P21156,P13458,P21156
P13738 P28634,P13738,P28634
P14175 P17315,P14175,P17315
P14407 P19642,P14407,P19642
P14407 P28861,P14407,P28861
P14407 P75745,P14407,P75745
P15078 P69913,P15078,P69913
P15254 P35340,P15254,P35340
P15639 P15640,P15639,P15640
P15639 P19926,P15639,P19926
P15639 P23882,P15639,P23882
P15639 P76586,P15639,P76586
P15639 P77674,P15639,P77674
P15640 P19926,P15640,P19926
P15640 P21369,P15640,P21369
P16431 P16433,P16431,P16433
P16432 P16433,P16432,P16433
P16456 P23721,P16456,P23721
P16525 P22259,P16525,P22259
P16525 P75733,P16525,P75733
P16676 P17315,P16676,P17315
P16703 P37595,P16703,P37595
P17315 P21345,P17315,P21345
P17315 P22259,P17315,P22259
P17846 P21156,P17846,P21156
P17846 P38038,P17846,P38038
P17846 P80644,P17846,P80644
P17854 P21156,P17854,P21156
P17854 P23845,P17854,P23845
P17854 P38038,P17854,P38038
P18775 P18776,P18775,P18776
P18956 P29745,P18956,P29745
P19642 P22259,P19642,P22259
P19926 P23522,P19926,P23522
P20083 P46889,P20083,P46889
P20099 P22259,P20099,P22259
P21151 P21156,P21151,P21156
P21156 P21177,P21156,P21177
P21156 P23845,P21156,P23845
P21156 P28634,P21156,P28634
P21156 P38038,P21156,P38038
P21189 P23840,P21189,P23840
P21338 P21369,P21338,P21369
P21338 P23522,P21338,P23522
P21338 P23524,P21338,P23524
P21345 P24177,P21345,P24177
P21345 P31224,P21345,P31224
P21345 P33650,P21345,P33650
P21362 P21363,P21362,P21363
P21367 P75691,P21367,P75691
P21369 P23522,P21369,P23522
P21369 P23524,P21369,P23524
P21499 P30850,P21499,P30850
P21499 P77567,P21499,P77567
P21513 P25736,P21513,P25736
P21513 P60390,P21513,P60390
P21599 P22259,P21599,P22259
P21693 P27296,P21693,P27296
P21693 P43329,P21693,P43329
P21829 P52697,P21829,P52697
P21865 P27896,P21865,P27896
P22256 P25526,P22256,P25526
P22259 P23003,P22259,P23003
P22259 P23830,P22259,P23830
P22259 P23845,P22259,P23845
P22259 P24174,P22259,P24174
P22259 P24218,P22259,P24218
P22259 P27296,P22259,P27296
P22259 P27550,P22259,P27550
P22259 P28861,P22259,P28861
P22259 P31466,P22259,P31466
P22259 P31678,P22259,P31678
P22259 P31806,P22259,P31806
P22259 P36683,P22259,P36683
P22259 P37194,P22259,P37194
P22259 P37330,P22259,P37330
P22259 P37387,P22259,P37387
P22259 P37642,P22259,P37642
P22259 P38135,P22259,P38135
P22259 P42632,P22259,P42632
P22259 P52062,P22259,P52062
P22259 P60546,P22259,P60546
P22259 P62707,P22259,P62707
P22259 P63284,P22259,P63284
P22259 P63386,P22259,P63386
P22259 P68187,P22259,P68187
P22259 P75746,P22259,P75746
P22259 P77334,P22259,P77334
P22259 P77444,P22259,P77444
P22259 P77499,P22259,P77499
P22259 Q47013,P22259,Q47013
P23003 P36675,P23003,P36675
P23003 P60340,P23003,P60340
P23367 P31806,P23367,P31806
P23482 P77329,P23482,P77329
P23482 P77668,P23482,P77668
P23522 P23524,P23522,P23524
P23524 P25526,P23524,P25526
P23524 P61889,P23524,P61889
P23524 P77364,P23524,P77364
P23836 P23837,P23836,P23837
P23843 P30859,P23843,P30859
P23845 P27297,P23845,P27297
P23845 P38038,P23845,P38038
P23845 P42593,P23845,P42593
P23847 P30859,P23847,P30859
P23847 P30860,P23847,P30860
P23847 P37313,P23847,P37313
P23847 P69908,P23847,P69908
P23847 P77348,P23847,P77348
P23865 P24232,P23865,P24232
P23865 P27550,P23865,P27550
P23873 P23874,P23873,P23874
P23873 P39410,P23873,P39410
P23874 P68191,P23874,P68191
P23876 P23877,P23876,P23877
P23882 P76586,P23882,P76586
P24174 P37646,P24174,P37646
P24174 P52106,P24174,P52106
P24174 P60546,P24174,P60546
P24174 P76503,P24174,P76503
P24174 P77444,P24174,P77444
P24177 P31224,P24177,P31224
P24177 P33650,P24177,P33650
P24186 P80644,P24186,P80644
P24232 P27550,P24232,P27550
P24255 P69829,P24255,P69829
P25397 P27550,P25397,P27550
P25397 P30137,P25397,P30137
P25397 P31545,P25397,P31545
P25526 P25527,P25526,P25527
P25526 P77364,P25526,P77364
P25553 P75746,P25553,P75746
P25742 P27128,P25742,P27128
P27127 P27240,P27127,P27240
P27128 P27129,P27128,P27129
P27297 P42593,P27297,P42593
P27550 P30137,P27550,P30137
P27550 P31545,P27550,P31545
P27550 P32705,P27550,P32705
P27550 P37330,P27550,P37330
P27550 P76594,P27550,P76594
P27550 P77775,P27550,P77775
P28630 P28631,P28630,P28631
P28634 P31545,P28634,P31545
P28634 P39406,P28634,P39406
P28634 P55135,P28634,P55135
P28634 P60390,P28634,P60390
P28861 P31456,P28861,P31456
P28861 P31979,P28861,P31979
P28861 P33607,P28861,P33607
P28861 P39161,P28861,P39161
P28861 P52062,P28861,P52062
P28861 P80644,P28861,P80644
P30137 P31545,P30137,P31545
P30137 P32099,P30137,P32099
P30137 P33221,P30137,P33221
P30744 P61889,P30744,P61889
P30744 P77161,P30744,P77161
P30850 P36675,P30850,P36675
P30859 P30860,P30859,P30860
P31057 P37769,P31057,P37769
P31545 P32099,P31545,P32099
P31545 P33221,P31545,P33221
P31550 P37902,P31550,P37902
P31600 P33129,P31600,P33129
P31600 P45420,P31600,P45420
P31658 P36938,P31658,P36938
P31660 P77541,P31660,P77541
P31680 P36659,P31680,P36659
P31680 P36928,P31680,P36928
P31979 P33599,P31979,P33599
P31979 P33602,P31979,P33602
P31979 P33607,P31979,P33607
P32099 P33221,P32099,P33221
P32099 P36649,P32099,P36649
P32139 P32144,P32139,P32144
P32669 P37351,P32669,P37351
P32669 P75745,P32669,P75745
P32684 P60340,P32684,P60340
P32705 P38135,P32705,P38135
P33129 P45420,P33129,P45420
P33221 P36649,P33221,P36649
P33360 P37387,P33360,P37387
P33570 P52697,P33570,P52697
P33570 P61889,P33570,P61889
P33570 P77488,P33570,P77488
P33570 P77735,P33570,P77735
P33599 P33602,P33599,P33602
P33602 P33607,P33602,P33607
P36659 P36928,P36659,P36928
P36659 P45523,P36659,P45523
P36659 P63284,P36659,P63284
P36929 P60390,P36929,P60390
P36929 P69222,P36929,P69222
P36999 P55135,P36999,P55135
P37146 P39452,P37146,P39452
P37177 P69829,P37177,P69829
P37188 P37902,P37188,P37902
P37188 P39172,P37188,P39172
P37197 P39180,P37197,P39180
P37197 P77202,P37197,P77202
P37351 P75745,P37351,P75745
P37624 P68679,P37624,P68679
P37636 P63204,P37636,P63204
P37642 P68679,P37642,P68679
P37769 P61889,P37769,P61889
P38135 P50466,P38135,P50466
P38135 P76594,P38135,P76594
P39177 P68066,P39177,P68066
P39301 P39304,P39301,P39304
P39301 P39305,P39301,P39305
P39304 P39305,P39304,P39305
P39406 P76273,P39406,P76273
P39410 P69913,P39410,P69913
P39452 P80644,P39452,P80644
P40191 P42599,P40191,P42599
P40191 P45395,P40191,P45395
P45395 P52062,P45395,P52062
P45464 P45955,P45464,P45955
P45565 P52062,P45565,P52062
P45578 P76459,P45578,P76459
P51025 Q46857,P51025,Q46857
P52062 P60595,P52062,P60595
P52062 P60757,P52062,P60757
P52697 P77488,P52697,P77488
P60595 P60757,P60595,P60757
P60595 P76002,P60595,P76002
P60757 P76002,P60757,P76002
P60932 P76503,P60932,P76503
P61889 P75726,P61889,P75726
P61889 P77488,P61889,P77488
P61889 P77735,P61889,P77735
P63177 P76273,P63177,P76273
P68206 P75694,P68206,P75694
P68739 Q47005,P68739,Q47005
P69411 P77774,P69411,P77774
P69503 P80644,P69503,P80644
P69786 P69797,P69786,P69797
P69910 P77454,P69910,P77454
P75855 P75857,P75855,P75857
P75855 P75858,P75855,P75858
P75855 P75859,P75855,P75859
P75855 P75860,P75855,P75860
P75857 P75858,P75857,P75858
P75857 P75859,P75857,P75859
P75857 P75860,P75857,P75860
P75859 P75860,P75859,P75860
P75954 P76503,P75954,P76503
P75954 P77334,P75954,P77334
P76002 P76270,P76002,P76270
P76052 P76270,P76052,P76270
P76052 P76440,P76052,P76440
P76270 P76440,P76270,P76440
P76345 P77334,P76345,P77334
P76458 P76459,P76458,P76459
P76503 P77334,P76503,P77334
P76503 P77399,P76503,P77399
P76578 P77712,P76578,P77712
P76578 Q47146,P76578,Q47146
P77161 P77731,P77161,P77731
P77243 P77541,P77243,P77541
P77318 Q46893,P77318,Q46893
P77334 P77399,P77334,P77399
P77334 P77444,P77334,P77444
P77357 Q46893,P77357,Q46893
P77357 Q93K97,P77357,Q93K97
P77399 P77444,P77399,P77444
P77444 P77499,P77444,P77499
P77444 P77712,P77444,P77712
P77488 Q46822,P77488,Q46822
P77499 P77712,P77499,P77712
P77499 Q47146,P77499,Q47146
P77522 P77712,P77522,P77712
P77522 Q47146,P77522,Q47146
P77712 Q47146,P77712,Q47146
Q46856 Q46857,Q46856,Q46857
Q46893 Q93K97,Q46893,Q93K97
